-- phpMyAdmin SQL Dump
-- version 4.9.7
-- https://www.phpmyadmin.net/
--
-- Host: localhost:3306
-- Generation Time: Feb 17, 2022 at 01:29 PM
-- Server version: 10.3.25-MariaDB-cll-lve
-- PHP Version: 7.3.33

SET SQL_MODE = "NO_AUTO_VALUE_ON_ZERO";
SET AUTOCOMMIT = 0;
START TRANSACTION;
SET time_zone = "+00:00";


/*!40101 SET @OLD_CHARACTER_SET_CLIENT=@@CHARACTER_SET_CLIENT */;
/*!40101 SET @OLD_CHARACTER_SET_RESULTS=@@CHARACTER_SET_RESULTS */;
/*!40101 SET @OLD_COLLATION_CONNECTION=@@COLLATION_CONNECTION */;
/*!40101 SET NAMES utf8mb4 */;

--
-- Database: `hmhisham_diwan_furniture`
--

-- --------------------------------------------------------

--
-- Table structure for table `cart`
--

CREATE TABLE `cart` (
  `id` bigint(20) UNSIGNED NOT NULL,
  `items_id` bigint(20) UNSIGNED NOT NULL,
  `price` decimal(10,2) NOT NULL,
  `quantity` int(11) NOT NULL,
  `create_by` bigint(20) UNSIGNED NOT NULL,
  `created_at` timestamp NULL DEFAULT NULL,
  `updated_at` timestamp NULL DEFAULT NULL
) ENGINE=InnoDB DEFAULT CHARSET=utf8mb4 COLLATE=utf8mb4_unicode_ci;

--
-- Dumping data for table `cart`
--

INSERT INTO `cart` (`id`, `items_id`, `price`, `quantity`, `create_by`, `created_at`, `updated_at`) VALUES
(83, 138, 135.00, 4, 5, '2022-02-14 22:22:34', '2022-02-14 22:22:34');

-- --------------------------------------------------------

--
-- Table structure for table `containers`
--

CREATE TABLE `containers` (
  `id` bigint(20) UNSIGNED NOT NULL,
  `cont_no` varchar(255) COLLATE utf8mb4_unicode_ci NOT NULL,
  `cont_date` date NOT NULL,
  `cont_supplier` bigint(20) UNSIGNED NOT NULL,
  `cont_amount` varchar(255) COLLATE utf8mb4_unicode_ci DEFAULT NULL,
  `cont_type_supply` varchar(255) COLLATE utf8mb4_unicode_ci NOT NULL,
  `cont_out_expenses` varchar(255) COLLATE utf8mb4_unicode_ci DEFAULT NULL,
  `cont_customs` varchar(255) COLLATE utf8mb4_unicode_ci DEFAULT NULL,
  `cont_in_expenses` varchar(255) COLLATE utf8mb4_unicode_ci DEFAULT NULL,
  `extra_percent` varchar(255) CHARACTER SET utf8 DEFAULT NULL,
  `create_by` bigint(20) UNSIGNED NOT NULL,
  `created_at` timestamp NULL DEFAULT NULL,
  `updated_at` timestamp NULL DEFAULT NULL
) ENGINE=InnoDB DEFAULT CHARSET=utf8mb4 COLLATE=utf8mb4_unicode_ci;

--
-- Dumping data for table `containers`
--

INSERT INTO `containers` (`id`, `cont_no`, `cont_date`, `cont_supplier`, `cont_amount`, `cont_type_supply`, `cont_out_expenses`, `cont_customs`, `cont_in_expenses`, `extra_percent`, `create_by`, `created_at`, `updated_at`) VALUES
(9, '2', '2021-12-07', 6, '19672', 'داخلي', NULL, NULL, '1143', NULL, 5, '2022-02-05 23:38:51', '2022-02-05 23:39:32'),
(12, '3', '2021-12-31', 6, '26383', 'داخلي', NULL, NULL, NULL, NULL, 5, '2022-02-08 16:59:01', '2022-02-08 16:59:01'),
(13, '1', '2021-12-15', 10, '0', 'داخلي', NULL, NULL, '0', NULL, 5, '2022-02-08 17:11:27', '2022-02-08 17:12:16'),
(14, '4', '2021-12-31', 11, '38159', 'خارجي', '1763', '2616', '1035', '16', 5, '2022-02-08 23:41:42', '2022-02-08 23:46:06'),
(15, '1A', '2021-12-15', 6, '142812', 'داخلي', NULL, NULL, NULL, NULL, 5, '2022-02-14 15:25:29', '2022-02-14 15:25:29');

-- --------------------------------------------------------

--
-- Table structure for table `customers`
--

CREATE TABLE `customers` (
  `id` bigint(20) UNSIGNED NOT NULL,
  `name` varchar(255) CHARACTER SET utf8 NOT NULL,
  `phone_1` varchar(255) CHARACTER SET utf8 DEFAULT NULL,
  `phone_2` varchar(255) CHARACTER SET utf8 DEFAULT NULL,
  `address` text CHARACTER SET utf8 DEFAULT NULL,
  `created_at` timestamp NULL DEFAULT NULL,
  `updated_at` timestamp NULL DEFAULT NULL
) ENGINE=InnoDB DEFAULT CHARSET=utf8mb4 COLLATE=utf8mb4_unicode_ci;

--
-- Dumping data for table `customers`
--

INSERT INTO `customers` (`id`, `name`, `phone_1`, `phone_2`, `address`, `created_at`, `updated_at`) VALUES
(1, 'علي حسن', '07801151606', '', 'البصرة الحكيمية قرب جامع العشرة المبشرة', '2022-02-08 01:13:06', '2022-02-08 01:13:06'),
(2, 'فادي داوود', '07711176763', '', 'البصرة حي الزهراء قرب مدرسة جابر بن حيان', '2022-02-08 20:23:45', '2022-02-08 20:23:45'),
(3, 'علي العقابي', '07825082400', '', 'الابصرة البراضعية', '2022-02-12 00:13:14', '2022-02-12 00:13:14');

-- --------------------------------------------------------

--
-- Table structure for table `customers_payments`
--

CREATE TABLE `customers_payments` (
  `id` bigint(20) UNSIGNED NOT NULL,
  `customers_id` bigint(20) UNSIGNED NOT NULL,
  `amount` decimal(10,2) NOT NULL,
  `date` date NOT NULL,
  `create_by` bigint(20) UNSIGNED NOT NULL,
  `created_at` timestamp NULL DEFAULT NULL,
  `updated_at` timestamp NULL DEFAULT NULL
) ENGINE=InnoDB DEFAULT CHARSET=utf8mb4 COLLATE=utf8mb4_unicode_ci;

--
-- Dumping data for table `customers_payments`
--

INSERT INTO `customers_payments` (`id`, `customers_id`, `amount`, `date`, `create_by`, `created_at`, `updated_at`) VALUES
(1, 2, 1100.00, '2022-01-12', 5, '2022-02-12 00:01:02', '2022-02-12 00:01:02'),
(2, 3, 1150.00, '2022-02-11', 5, '2022-02-12 00:13:57', '2022-02-12 00:13:57');

-- --------------------------------------------------------

--
-- Table structure for table `failed_jobs`
--

CREATE TABLE `failed_jobs` (
  `id` bigint(20) UNSIGNED NOT NULL,
  `connection` text COLLATE utf8mb4_unicode_ci NOT NULL,
  `queue` text COLLATE utf8mb4_unicode_ci NOT NULL,
  `payload` longtext COLLATE utf8mb4_unicode_ci NOT NULL,
  `exception` longtext COLLATE utf8mb4_unicode_ci NOT NULL,
  `failed_at` timestamp NOT NULL DEFAULT current_timestamp()
) ENGINE=InnoDB DEFAULT CHARSET=utf8mb4 COLLATE=utf8mb4_unicode_ci;

-- --------------------------------------------------------

--
-- Table structure for table `items`
--

CREATE TABLE `items` (
  `id` bigint(20) UNSIGNED NOT NULL,
  `item_company` varchar(255) CHARACTER SET utf8 NOT NULL,
  `item_category` varchar(255) CHARACTER SET utf8 NOT NULL,
  `item_model` varchar(255) CHARACTER SET utf8 NOT NULL,
  `item_code` varchar(255) COLLATE utf8mb4_unicode_ci NOT NULL,
  `item_name` varchar(255) COLLATE utf8mb4_unicode_ci NOT NULL,
  `item_color` varchar(255) COLLATE utf8mb4_unicode_ci DEFAULT NULL,
  `item_sale_price` decimal(10,2) DEFAULT NULL,
  `less_qty` int(11) DEFAULT NULL,
  `create_by` bigint(20) UNSIGNED NOT NULL,
  `created_at` timestamp NULL DEFAULT NULL,
  `updated_at` timestamp NULL DEFAULT NULL
) ENGINE=InnoDB DEFAULT CHARSET=utf8mb4 COLLATE=utf8mb4_unicode_ci;

--
-- Dumping data for table `items`
--

INSERT INTO `items` (`id`, `item_company`, `item_category`, `item_model`, `item_code`, `item_name`, `item_color`, `item_sale_price`, `less_qty`, `create_by`, `created_at`, `updated_at`) VALUES
(13, 'الميلا', 'غرفة شباب ', 'ايروني', '0', 'كنتور 3 باب', 'صاجي', 465.00, 2, 5, '2022-02-07 23:54:35', '2022-02-07 23:54:35'),
(14, 'الميلا', 'غرفة شباب ', 'ماونت', '0', 'كنتور 4 باب', 'اوفوايت', 725.00, 1, 5, '2022-02-07 23:57:29', '2022-02-07 23:57:29'),
(15, 'الميلا', 'غرفة شباب ', 'ماونت', '0', 'كومدي', 'اوفوايت', 130.00, 1, 5, '2022-02-07 23:58:37', '2022-02-07 23:58:37'),
(16, 'الميلا', 'غرفة شباب ', 'ماونت', '0', 'ميز تواليت', 'اوفوايت', 325.00, 1, 5, '2022-02-07 23:59:49', '2022-02-07 23:59:49'),
(17, 'الميلا', 'غرفة شباب ', 'ايروني', '0', 'كومدي', 'صاجي', 175.00, 1, 5, '2022-02-08 00:01:19', '2022-02-08 00:01:19'),
(18, 'الميلا', 'غرفة شباب ', 'قرصان', '0', 'كنتور 3 باب', 'صاج', 740.00, 1, 5, '2022-02-08 00:04:30', '2022-02-08 00:04:30'),
(19, 'الميلا', 'غرفة شباب ', 'قرصان', '1101-1102', 'ميز كمبيوتر', 'صاج', 465.00, 1, 5, '2022-02-08 00:08:05', '2022-02-08 00:08:05'),
(20, 'الميلا', 'غرفة شباب ', 'قرصان', '1502', 'مكتبة', 'صاج', 220.00, 1, 5, '2022-02-08 00:09:10', '2022-02-08 00:09:10'),
(21, 'الفيمو', 'تخم قنفات', 'ايفس', '3311', 'تخم قنفات', 'بيجي', 1200.00, 1, 5, '2022-02-08 00:12:27', '2022-02-08 00:12:27'),
(22, 'الفيمو', 'غرفة نوم', 'فيكاس', '0', 'غرفة عرسان', 'رصاصي', 1950.00, 1, 5, '2022-02-08 00:15:55', '2022-02-08 00:15:55'),
(23, 'الفيمو', 'تخم قنفات', 'فيلا', '0', 'تخم قنفات /3311', 'رصاصي', 1580.00, 1, 5, '2022-02-08 00:20:03', '2022-02-08 00:20:03'),
(24, 'جلك', 'غرفة شباب ', 'ماجا', '1104-1103', 'ميز كمبيوتر', 'صاجي', 405.00, 1, 5, '2022-02-08 00:23:10', '2022-02-08 00:23:10'),
(25, 'جلك', 'سرير طفل', 'ماجا', '1016', 'سرير  130*70', 'صاجي', 213.00, 1, 5, '2022-02-08 00:25:27', '2022-02-08 00:25:27'),
(26, 'كليم', 'تخم قنفات', 'كيمار', '0', 'تخم قنفات /3311', 'رصاصي', 1650.00, 1, 5, '2022-02-08 00:27:03', '2022-02-08 00:27:03'),
(27, 'كليم', 'تخم قنفات', 'برستيج', '0', 'تخم قنفات/3311', 'رصاصي', 1538.00, 1, 5, '2022-02-08 00:28:41', '2022-02-08 00:28:41'),
(28, 'كليم', 'تخم قنفات', 'تينا', '0', 'تخم قنفات/3311', 'فيروزي', 1590.00, 1, 5, '2022-02-08 00:30:13', '2022-02-08 00:30:13'),
(29, 'كليم', 'تخم قنفات', 'بهار', '0', 'تخم قنفات/3311', 'فيروزي', 1130.00, 1, 5, '2022-02-08 00:31:36', '2022-02-08 00:31:36'),
(30, 'كليم', 'تخم زاوية', 'بهار', '0', 'زاوية 2*3', 'رصاصي', 970.00, 1, 5, '2022-02-08 00:35:28', '2022-02-08 00:35:28'),
(31, 'جلك', 'غرفة شباب ', 'قرصان', '1002', 'كنتور 3 باب', 'صاج', 740.00, 1, 5, '2022-02-08 01:24:03', '2022-02-08 01:24:03'),
(32, 'ashley', 'تخم قنفات', '4490038', '4490038', 'قنفة ثلاثية', 'بيجي', 1227.00, 1, 5, '2022-02-08 17:13:25', '2022-02-08 17:13:25'),
(33, 'ashley', 'تخم قنفات', '4490035', '4490035', 'قنفة دبل', 'بيجي', 787.00, 1, 5, '2022-02-08 17:16:34', '2022-02-08 17:16:34'),
(34, 'ashley', 'bergar', '4490020', '4490020', 'bergar', 'بيجي', 622.00, 1, 5, '2022-02-08 17:20:58', '2022-02-08 17:20:58'),
(35, 'ashley', 'تخم قنفات', '4910238', '4910238', 'قنفة ثلاثية', 'رصاصي', 1023.00, 1, 5, '2022-02-08 17:24:18', '2022-02-08 17:24:18'),
(36, 'ashley', 'bergar', '4910223', '4910223', 'bergar', 'بيجي', 446.00, 1, 5, '2022-02-08 17:28:39', '2022-02-08 17:28:39'),
(37, 'ashley', 'تخم زاوية', '2720-211-267', '2720-211-267', 'زاوية', 'اوفوايت', 1755.00, 1, 5, '2022-02-08 17:32:15', '2022-02-08 17:32:15'),
(38, 'ashley', 'طبلات ', 't592-1', 't592-1', 'سيت طبلة', 'جوزي', 260.00, 1, 5, '2022-02-08 17:36:10', '2022-02-08 17:36:10'),
(39, 'ashley', 'مدخل ', 't743-4', 't743-4', 'مدخل', 'اوفوايت', 410.00, 1, 5, '2022-02-08 17:38:14', '2022-02-08 17:38:14'),
(40, 'ashley', 'ميز tv', 'w562-68', 'w562-68', 'ميز tv', 'جوزي', 620.00, 1, 5, '2022-02-08 17:40:19', '2022-02-08 17:40:19'),
(41, 'ashley', 'تخم قنفات', '1140238', '1140238', 'قنفة ثلاثية', 'رصاصي', 858.00, 1, 5, '2022-02-08 17:43:00', '2022-02-08 17:43:00'),
(42, 'ashley', 'تخم قنفات', '1140235', '1140235', 'قنفة دبل', 'رصاصي', 583.00, 1, 5, '2022-02-08 17:47:26', '2022-02-08 17:47:26'),
(43, 'ashley', 'bergar', '8550620', '8550620', 'bergar', 'جوزي', 600.00, 1, 5, '2022-02-08 17:58:03', '2022-02-08 17:58:03'),
(44, 'ashley', 'تخم قنفات', '8550638', '8550638', 'قنفة ثلاثية', 'جوزي', 1095.00, 1, 5, '2022-02-08 18:10:49', '2022-02-08 18:10:49'),
(45, 'ashley', 'تخم قنفات', '8550635', '8550635', 'قنفة دبل', 'جوزي', 963.00, 1, 5, '2022-02-08 18:16:14', '2022-02-08 18:16:14'),
(46, 'ashley', 'تخم زاوية', 'a3000244', 'a3000244', 'زاوية', 'اوفوايت', 435.00, 1, 5, '2022-02-08 18:18:47', '2022-02-08 18:18:47'),
(47, 'ashley', 'تخم قنفات', '8000325', '8000325', 'قنفة دبل', 'جوزي', 490.00, 1, 5, '2022-02-08 18:20:43', '2022-02-08 18:20:43'),
(48, 'ashley', 'تخم قنفات', '8000328', '8000328', 'قنفة ثلاثية', 'جوزي', 935.00, 1, 5, '2022-02-08 18:22:22', '2022-02-08 18:22:22'),
(49, 'ashley', 'كرسي', 'd647-01', 'd647-01', 'كرسي طعام', 'اوفوايت', 126.00, 2, 5, '2022-02-08 18:25:47', '2022-02-08 18:25:47'),
(50, 'ashley', 'ميز طعام', 'd647-25', 'd647-25', 'ميز طعام', 'اوفوايت', 700.00, 1, 5, '2022-02-08 18:27:44', '2022-02-08 18:27:44'),
(51, 'ashley', 'ميز طعام', 'd765-25', 'd765-25', 'ميز طعام', 'جوزي', 456.00, 1, 5, '2022-02-08 18:31:56', '2022-02-08 18:31:56'),
(52, 'ashley', 'كرسي طعام', 'd765-01', 'd765-01', 'كرسي طعام', 'جوزي', 114.00, 1, 5, '2022-02-08 18:34:18', '2022-02-08 18:34:18'),
(53, 'ashley', 'ميز طعام', 'd385-325', 'd385-325', 'ميز مع كراسي', 'جوزي', 828.00, 1, 5, '2022-02-08 18:36:49', '2022-02-08 18:36:49'),
(54, 'ashley', 'ميز طعام', 'd5169-25', 'd5169-25', 'ميز طعام', 'بيجي', 534.00, 1, 5, '2022-02-08 18:40:52', '2022-02-08 18:40:52'),
(55, 'ashley', 'كرسي طعام', 'd5169-01', 'd5169-01', 'كرسي طعام', 'بيجي', 90.00, 1, 5, '2022-02-08 18:42:48', '2022-02-08 18:42:48'),
(56, 'ashley', 'تخم زاوية', '5150-316-348-334', '5150-316-348-334', 'زاوية', 'ابيض', 2475.00, 1, 5, '2022-02-08 18:46:03', '2022-02-08 18:46:03'),
(57, 'ashley', 'تخم زاوية', '5510518', '5510518', 'زاوية', 'اوفوايت', 965.00, 1, 5, '2022-02-08 19:14:07', '2022-02-08 19:14:07'),
(58, 'ashley', 'مدخل ', 't517-4', 't517-4', 'مدخل', 'جوزي', 300.00, 1, 5, '2022-02-08 19:15:49', '2022-02-08 19:15:49'),
(59, 'ashley', 'ميز طعام', 'd464-25', 'd464-25', 'ميز طعام', 'اسود ومرمر', 360.00, 1, 5, '2022-02-08 19:18:19', '2022-02-08 19:18:19'),
(60, 'ashley', 'كرسي طعام', 'd464-01', 'd464-01', 'كرسي طعام', 'اسود مرمر', 65.00, 1, 5, '2022-02-08 19:20:21', '2022-02-08 19:20:21'),
(61, 'ashley', 'كرسي طعام', 'd5168-01', 'd5168-01', 'كرسي طعام', 'اوفوايت', 120.00, 1, 5, '2022-02-08 19:25:48', '2022-02-08 19:25:48'),
(62, 'ashley', 'ميز طعام', 'd5168-25', 'd5168-25', 'ميز طعام', 'اوفوايت', 456.00, 1, 5, '2022-02-08 19:31:29', '2022-02-08 19:31:29'),
(63, 'ashley', 'تخم زاوية', '1050-118-120', '1050-118-120', 'تخم زاوية', 'رصاصي', 1315.00, 1, 5, '2022-02-08 19:33:20', '2022-02-08 19:33:20'),
(64, 'ashley', 'تخم قنفات', '8260438A', '8260438A', 'قنفة ثلاثية', 'رصاصي', 578.00, 1, 5, '2022-02-08 19:36:14', '2022-02-08 19:36:14'),
(65, 'ashley', 'تخم قنفات', '2070238', '2070238', 'قنفة ثلاثية', 'رصاصي', 748.00, 1, 5, '2022-02-08 19:37:55', '2022-02-08 19:37:55'),
(66, 'ashley', 'تخم قنفات', '2070235', '2070235', 'قنفة دبل', 'رصاصي', 650.00, 1, 5, '2022-02-08 19:42:08', '2022-02-08 19:42:08'),
(67, 'ashley', 'طبلات ', 't295-13', 't295-13', 'سيت طبلات', 'رصاصي وجوزي', 345.00, 1, 5, '2022-02-08 19:44:59', '2022-02-08 19:44:59'),
(68, 'ashley', 'طبلات ', 't356-13', 't356-13', 'سيت طبلات', 'رصاصي', 395.00, 1, 5, '2022-02-08 19:47:23', '2022-02-08 19:47:23'),
(69, 'ashley', 'تخم قنفات', '4720238', '4720238', 'قنفة ثلاثية', 'بيجي', 891.00, 1, 5, '2022-02-08 19:51:50', '2022-02-08 19:51:50'),
(70, 'ashley', 'bergar', '4720220', '4720220', 'bergar', 'بيجي', 479.00, 1, 5, '2022-02-08 19:54:16', '2022-02-08 19:54:16'),
(71, 'كليم', 'غرفة نوم', 'كولدن', '0', 'غرفة نفرين', 'اوفوايت', 1820.00, 1, 5, '2022-02-08 23:27:05', '2022-02-08 23:27:05'),
(72, 'الفيمو', 'غرفة نوم', 'كاثرين', '0', 'غرفة عرسان', 'ابيض', 2080.00, 1, 5, '2022-02-09 00:02:56', '2022-02-09 00:02:56'),
(73, 'الفيمو', 'غرفة نوم', 'كاثرين', '0', 'غرفة نفرين', 'ابيض', 1990.00, 1, 5, '2022-02-09 22:38:55', '2022-02-09 22:38:55'),
(74, 'كليم', 'غرفة نوم', 'كولدن', '0', 'غرفة عرسان', 'اوفوايت', 1780.00, 1, 5, '2022-02-09 22:48:41', '2022-02-09 22:48:41'),
(75, 'الميلا', 'غرفة شباب ', 'سويتي', '0', 'ميز كمبيوتر', 'ابيض واحمر', 400.00, 1, 5, '2022-02-09 22:56:06', '2022-02-09 22:56:06'),
(76, 'الميلا', 'غرفة شباب ', 'سويتي', '0', 'كنتور 3 باب', 'ابيض واحمر', 545.00, 1, 5, '2022-02-09 22:57:24', '2022-02-09 22:57:24'),
(77, 'الميلا', 'غرفة شباب ', 'سويتي', '0', 'مكتبة', 'ابيض واحمر', 210.00, 1, 5, '2022-02-09 23:07:15', '2022-02-09 23:07:15'),
(78, 'الميلا', 'غرفة شباب ', 'سويتي', '0', 'كومدي', 'ابيض واحمر', 175.00, 1, 5, '2022-02-09 23:09:03', '2022-02-09 23:09:03'),
(79, 'الميلا', 'غرفة شباب ', 'سويتي', '0', 'ميز تواليت', 'ابيض واحمر', 350.00, 1, 5, '2022-02-09 23:10:33', '2022-02-09 23:10:33'),
(80, 'الميلا', 'غرفة شباب ', 'سويتي', '0', 'سرير 100*200', 'ابيض واحمر', 310.00, 1, 5, '2022-02-09 23:11:26', '2022-02-09 23:11:26'),
(81, 'الميلا', 'غرفة شباب ', 'فيكتور', '0', 'ميز كمبيوتر', 'اصفر', 285.00, 1, 5, '2022-02-09 23:13:36', '2022-02-09 23:13:36'),
(82, 'الميلا', 'غرفة شباب ', 'فيكتور', '0', 'كنتور 3 باب', 'اصفر', 630.00, 1, 5, '2022-02-09 23:15:07', '2022-02-09 23:15:07'),
(83, 'الميلا', 'غرفة شباب ', 'فيكتور', '0', 'مكتبة', 'اصفر', 165.00, 1, 5, '2022-02-09 23:15:56', '2022-02-09 23:15:56'),
(84, 'الميلا', 'غرفة شباب ', 'فيكتور', '0', 'كومدي', 'اصفر', 110.00, 1, 5, '2022-02-09 23:16:31', '2022-02-09 23:16:31'),
(85, 'الميلا', 'غرفة شباب ', 'فيكتور', '0', 'ميز تواليت', 'اصفر', 375.00, 1, 5, '2022-02-09 23:18:02', '2022-02-09 23:18:02'),
(86, 'الميلا', 'غرفة شباب ', 'فيكتور', '0', 'سرير 100*200', 'اصفر', 332.00, 1, 5, '2022-02-09 23:20:45', '2022-02-09 23:20:45'),
(87, 'الميلا', 'غرفة شباب ', 'ايروني', '0', 'ميز كمبيوتر', 'بيجي', 430.00, 1, 5, '2022-02-09 23:22:42', '2022-02-09 23:22:42'),
(88, 'الميلا', 'غرفة شباب ', 'ايروني', '0', 'كنتور 3 باب', 'بيجي', 465.00, 1, 5, '2022-02-09 23:24:28', '2022-02-09 23:24:28'),
(89, 'الميلا', 'غرفة شباب ', 'ايروني', '0', 'مكتبة', 'بيجي', 190.00, 1, 5, '2022-02-09 23:25:16', '2022-02-09 23:25:16'),
(90, 'الميلا', 'غرفة شباب ', 'ايروني', '0', 'كومدي', 'اصفر', 175.00, 1, 5, '2022-02-09 23:28:13', '2022-02-09 23:28:13'),
(91, 'الميلا', 'غرفة شباب ', 'ايروني', '0', 'ميز تواليت', 'اصفر', 370.00, 1, 5, '2022-02-09 23:29:12', '2022-02-09 23:29:12'),
(92, 'الميلا', 'غرفة شباب ', 'ايروني', '0', 'كومدي', 'بيجي', 175.00, 1, 5, '2022-02-09 23:32:53', '2022-02-09 23:32:53'),
(93, 'الميلا', 'غرفة شباب ', 'ايروني', '0', 'ميز تواليت', 'بيجي', 370.00, 1, 5, '2022-02-09 23:33:37', '2022-02-09 23:33:37'),
(94, 'الميلا', 'غرفة شباب ', 'ايروني', '0', 'سرير 120*200', 'بيجي', 340.00, 1, 5, '2022-02-09 23:34:50', '2022-02-09 23:34:50'),
(95, 'الميلا', 'غرفة شباب ', 'اليجنت', '0', 'ميز كمبيوتر', 'ازرق', 415.00, 1, 5, '2022-02-09 23:38:42', '2022-02-09 23:38:42'),
(96, 'الميلا', 'غرفة شباب ', 'اليجنت', '0', 'كنور 3باب', 'ازرق', 810.00, 1, 5, '2022-02-09 23:40:38', '2022-02-09 23:40:38'),
(97, 'الميلا', 'غرفة شباب ', 'اليجنت', '0', 'مكتبة', 'ازرق', 318.00, 1, 5, '2022-02-09 23:44:08', '2022-02-09 23:44:08'),
(98, 'الميلا', 'غرفة شباب ', 'اليجنت', '0', 'كومدي', 'ازرق', 120.00, 1, 5, '2022-02-09 23:45:25', '2022-02-09 23:45:25'),
(99, 'الميلا', 'غرفة شباب ', 'اليجنت', '0', 'ميز تواليت', 'ازرق', 400.00, 1, 5, '2022-02-09 23:47:23', '2022-02-09 23:47:23'),
(100, 'الميلا', 'غرفة شباب ', 'اليجنت', '0', 'سرير 100*200', 'ازرق', 350.00, 1, 5, '2022-02-09 23:49:05', '2022-02-09 23:49:05'),
(101, 'الميلا', 'غرفة شباب ', 'اليجنت', '0', 'سرير 120*200', 'ازرق', 375.00, 1, 5, '2022-02-09 23:50:41', '2022-02-09 23:50:41'),
(102, 'الميلا', 'غرفة شباب ', 'بنكا', '0', 'ميز كمبيوتر', 'ابيض', 312.00, 1, 5, '2022-02-09 23:53:00', '2022-02-09 23:53:00'),
(103, 'الميلا', 'غرفة شباب ', 'بنكا', '0', 'كنتور 4 باب', 'ابيض', 835.00, 1, 5, '2022-02-09 23:56:00', '2022-02-09 23:56:00'),
(104, 'الميلا', 'غرفة شباب ', 'بنكا', '0', 'مكتبة', 'ابيض', 150.00, 1, 5, '2022-02-09 23:57:16', '2022-02-09 23:57:16'),
(105, 'الميلا', 'غرفة شباب ', 'بنكا', '0', 'كومدي', 'ابيض', 136.00, 1, 5, '2022-02-10 00:04:25', '2022-02-10 00:04:25'),
(106, 'الميلا', 'غرفة شباب ', 'بنكا', '0', 'ميز تواليت', 'ابيض', 430.00, 1, 5, '2022-02-10 00:06:04', '2022-02-10 00:06:04'),
(107, 'الميلا', 'غرفة شباب ', 'بنكا', '0', 'سرير 100*200', 'ابيض', 366.00, 1, 5, '2022-02-10 00:07:45', '2022-02-10 00:07:45'),
(108, 'الميلا', 'غرفة شباب ', 'بنكا', '0', 'سرير 120*200', 'ابيض', 400.00, 1, 5, '2022-02-10 00:09:23', '2022-02-10 00:09:23'),
(109, 'الميلا', 'طابورية', 'بنكا', '0', 'طابوري صغيرة دائري', 'وردي', 60.00, 1, 5, '2022-02-10 00:11:22', '2022-02-10 00:11:22'),
(110, 'الميلا', 'طابورية', 'بنكا', '0', 'طابورية بوكس', 'وردي', 150.00, 1, 5, '2022-02-10 00:19:56', '2022-02-10 00:19:56'),
(111, 'الميلا', 'غرفة شباب ', 'ماونت', '0', 'ميز كمبيوتر', 'اوفوايت', 325.00, 1, 5, '2022-02-10 00:23:18', '2022-02-10 00:23:18'),
(112, 'الميلا', 'غرفة شباب ', 'ماونت', '0', 'كنتور 3 باب', 'اوفوايت', 565.00, 1, 5, '2022-02-10 00:24:47', '2022-02-10 00:24:47'),
(113, 'الميلا', 'غرفة شباب ', 'ماونت', '0', 'مكتبة', 'اوفوايت', 140.00, 1, 5, '2022-02-10 00:43:02', '2022-02-10 00:43:02'),
(114, 'الميلا', 'غرفة شباب ', 'ماونت', '0', 'سرير 100*200', 'اوفوايت', 290.00, 1, 5, '2022-02-10 00:47:09', '2022-02-10 00:47:09'),
(115, 'الميلا', 'غرفة شباب ', 'ماونت', '0', 'سرير 120*200', 'اوفوايت', 310.00, 1, 5, '2022-02-10 00:49:43', '2022-02-10 00:49:43'),
(116, 'الميلا', 'غرفة شباب ', 'بيلا', '0', 'ميز كمبيوتر', 'ابيض', 430.00, 1, 5, '2022-02-10 00:50:56', '2022-02-10 00:50:56'),
(117, 'الميلا', 'غرفة شباب ', 'بيلا', '0', 'مكتبة', 'ابيض', 210.00, 1, 5, '2022-02-10 00:51:56', '2022-02-10 00:51:56'),
(118, 'الميلا', 'غرفة شباب ', 'بيلا', '0', 'كومدي', 'ابيض', 125.00, 1, 5, '2022-02-10 00:52:53', '2022-02-10 00:52:53'),
(119, 'الميلا', 'غرفة شباب ', 'لورا', '0', 'ميز كمبيوتر', 'ابيض', 310.00, 1, 5, '2022-02-10 00:54:55', '2022-02-10 00:54:55'),
(120, 'الميلا', 'غرفة شباب ', 'لورا', '0', 'كنتور 3 باب', 'ابيض', 640.00, 1, 5, '2022-02-10 00:55:54', '2022-02-10 00:55:54'),
(121, 'الميلا', 'غرفة شباب ', 'لورا', '0', 'مكتبة', 'ابيض', 150.00, 1, 5, '2022-02-10 00:57:17', '2022-02-10 00:57:17'),
(122, 'الميلا', 'غرفة شباب ', 'لورا', '0', 'كومدي', 'ابيض', 120.00, 1, 5, '2022-02-10 00:58:48', '2022-02-10 00:58:48'),
(123, 'الميلا', 'غرفة شباب ', 'لورا', '0', 'ميز تواليت', 'ابيض', 380.00, 1, 5, '2022-02-10 00:59:57', '2022-02-10 00:59:57'),
(124, 'الميلا', 'غرفة شباب ', 'لورا', '0', 'سرير 120*200', 'ابيض', 305.00, 1, 5, '2022-02-10 01:01:56', '2022-02-10 01:01:56'),
(125, 'الميلا', 'غرفة شباب ', 'لورا', '0', 'تور لورا', 'وردي', 125.00, 1, 5, '2022-02-10 01:03:26', '2022-02-10 01:03:26'),
(126, 'الميلا', 'تور', 'لورا', '0', 'تور سرير', 'وردي', 125.00, 1, 5, '2022-02-10 01:05:23', '2022-02-10 01:05:23'),
(127, 'الميلا', 'فرشة سرير', 'لورا', '0', 'فرشة ', 'وردي', 120.00, 1, 5, '2022-02-10 01:11:33', '2022-02-10 01:11:33'),
(128, 'الميل', 'هيكل تور', 'لورا', '0', 'خيكل خشب', 'ابيض', 90.00, 1, 5, '2022-02-10 01:15:40', '2022-02-10 01:15:40'),
(129, 'الميلا', 'سرير طفل', 'لورا', '0', 'سرير 70*139', 'ابيض', 365.00, 1, 5, '2022-02-10 01:17:46', '2022-02-10 01:17:46'),
(130, 'الميلا', 'سرير طفل', 'بيبي كيوت', '0', 'سرير 70*130', 'ابيض و صاجي', 275.00, 1, 5, '2022-02-10 01:22:55', '2022-02-10 01:22:55'),
(131, 'الميلا', 'غرفة شباب ', 'نيو', '0', 'سرير طابق علوي', 'ابيض ', 838.00, 1, 5, '2022-02-10 01:24:45', '2022-02-10 01:24:45'),
(132, 'الميلا', 'غرفة شباب ', 'نيو', '0', 'سرير 90*190', 'ابيض', 207.00, 1, 5, '2022-02-10 01:26:11', '2022-02-10 01:26:11'),
(133, 'الميلا', 'جرار سرير', 'نيو', '0', 'جرار 80*180', 'ابيض', 115.00, 1, 5, '2022-02-10 01:28:00', '2022-02-10 01:28:00'),
(134, 'الميلا', 'كرسي ', 'سمارت', '0', 'كرسي اصفر', 'اصفر', 135.00, 1, 5, '2022-02-10 01:29:42', '2022-02-10 01:29:42'),
(135, 'الميلا', 'كرسي', 'سمارت', '0', 'كرسي اسود', 'اسود', 135.00, 1, 5, '2022-02-10 01:30:36', '2022-02-10 01:30:36'),
(136, 'الميلا', 'كرسي', 'سمارت', '0', 'كرسي احمر', 'احمر', 135.00, 1, 5, '2022-02-10 01:31:46', '2022-02-10 01:31:46'),
(137, 'الميلا', 'كرسي', 'سمارت', '0', 'كرسي رصاصي', 'رصاصي', 135.00, 1, 5, '2022-02-10 01:33:15', '2022-02-10 01:33:15'),
(138, 'الميلا', 'كرسي', 'سمارت', '0', 'كرسي جوزي', 'جوزي', 135.00, 1, 5, '2022-02-10 01:34:08', '2022-02-10 01:34:08'),
(139, 'الميلا', 'كرسي', 'ناز', '0', 'كرسي اطفال', 'وردي', 165.00, 1, 5, '2022-02-10 01:35:29', '2022-02-10 01:35:29'),
(140, 'الميلا', 'كرسي', 'ناز', '0', 'كرسي اطفال', 'احمر', 165.00, 1, 5, '2022-02-10 01:36:27', '2022-02-10 01:36:27'),
(141, 'الميلا', 'كرسي', 'ناز', '0', 'كرسي اطفال', 'ابيض', 165.00, 1, 5, '2022-02-10 01:37:26', '2022-02-10 01:37:26'),
(142, 'الفيمو', 'غرفة نوم', 'انفنتي', '0', 'غرفة عرسان', 'جوزي', 1875.00, 1, 5, '2022-02-12 00:04:31', '2022-02-12 00:04:31'),
(143, 'الفيمو', 'غرفة شباب ', 'انكا', '0', 'غرفة نفر ', 'رصاصي', 1400.00, 1, 5, '2022-02-12 00:33:03', '2022-02-12 00:33:03'),
(144, 'الفيمو', 'غرفة نوم', 'ايسين', '0', 'غرفة عرسان', 'برتقالي', 2100.00, 1, 5, '2022-02-15 15:22:41', '2022-02-15 15:22:41'),
(145, 'كليم', 'غرفة نوم', 'فيروز', '0', 'غرفة عرسان', '0', 2100.00, 1, 5, '2022-02-15 15:27:14', '2022-02-15 15:27:14'),
(146, 'اشلي', 'غرفة نوم', 'B5168-31-36-02-197w1', '0', 'غرفة عرسان', '0', 1980.00, 1, 5, '2022-02-15 15:30:03', '2022-02-15 15:30:03'),
(147, 'الفيمو', 'طابورية', 'انفنتي', '0', 'طابورية مثلث', 'زيتوني', 150.00, 1, 5, '2022-02-15 15:31:30', '2022-02-15 15:31:30'),
(148, 'كليم', 'ميز tv', 'مارماريس', '0', 'ميز tv', '0', 1370.00, 1, 5, '2022-02-15 15:33:43', '2022-02-15 15:33:43'),
(149, 'ashley', 'ميز طعام', 'd503-13', 'd503-13', 'ميز طعام', 'جوزي ستول', 413.00, 1, 5, '2022-02-15 15:39:28', '2022-02-15 15:39:28'),
(150, 'ashley', 'كرسي طعام', 'd503-124', 'd503-124', 'كرسي طعام', 'جوزي ستول', 150.00, 1, 5, '2022-02-15 15:42:39', '2022-02-15 15:42:39'),
(151, 'ashley', 'ميز طعام', 'd742-25', 'd742-25', 'ميز طعام', '0', 560.00, 1, 5, '2022-02-15 15:47:39', '2022-02-15 15:47:39'),
(152, 'ashley', 'ميز طعام', 'd742-01', 'd742-01', 'كرسي طعام', '0', 145.00, 1, 5, '2022-02-15 15:49:13', '2022-02-15 15:49:13'),
(153, 'ashley', 'كرسي طعام', 'd719-01', 'd719-01', 'كرسي طعام', '0', 105.00, 1, 5, '2022-02-15 15:50:26', '2022-02-15 15:50:26'),
(154, 'اشلي', 'ستول', 'd120-530', 'd120-530', 'ستول', 'اسود', 175.00, 1, 5, '2022-02-15 15:52:01', '2022-02-15 15:52:01'),
(155, 'ashley', 'كرسي طعام', 'd329-01', 'd329-01', 'كرسي طعام', '0', 88.00, 1, 5, '2022-02-15 16:00:21', '2022-02-15 16:00:21'),
(156, 'ashley', 'ميز طعام', 'd568-25', 'd568-25', 'ميز طعام', '0', 495.00, 1, 5, '2022-02-15 16:02:21', '2022-02-15 16:02:21'),
(157, 'ashley', 'كرسي طعام', 'd586-01', 'd586-01', 'كرسي طعام', '0', 145.00, 1, 5, '2022-02-15 16:04:11', '2022-02-15 16:04:11'),
(158, 'ashley', 'كرسي', 'd712-01', 'd712-01', ';vsd \'uhl', '0', 110.00, 1, 5, '2022-02-15 16:06:28', '2022-02-15 16:06:28'),
(159, 'ashley', 'ميز طعام', 'd733-32', 'd733-32', 'ميز طعام', '0', 1590.00, 1, 5, '2022-02-15 16:07:46', '2022-02-15 16:07:46'),
(160, 'مودا ماسا', 'ميز زاوية', 'امستردام', '0', 'ميز طعام', '0', 695.00, 1, 5, '2022-02-15 16:09:10', '2022-02-15 16:09:10'),
(161, 'ashley', 'كرسي طعام', 'd712-01', 'd712-01', 'كرسي طعام', '0', 110.00, 1, 5, '2022-02-15 16:13:47', '2022-02-15 16:13:47'),
(162, 'اريا', 'ميز طعام', 'كولد', '0', 'ميز و6 كراسي', '0', 1500.00, 1, 5, '2022-02-15 16:15:56', '2022-02-15 16:15:56'),
(163, 'ريندي', 'ميز طعام', 'اوكايا', '0', 'ميز و6 كراسي', '0', 1200.00, 1, 5, '2022-02-15 16:19:17', '2022-02-15 16:19:17'),
(164, 'الفيمو', 'ميز طعام', 'ميستي', '0', 'ميز و6 كراسي', '0', 1050.00, 1, 5, '2022-02-15 16:21:06', '2022-02-15 16:21:06'),
(165, 'ريندي', 'كرسي طعام', 'اوياكو', '0', 'ميز و6 كراسي', '0', 1200.00, 1, 5, '2022-02-15 16:24:32', '2022-02-15 16:24:32'),
(166, 'ديلاي', 'ميز tv', 'ديفانيك', '0', 'ميز tv', '0', 395.00, 1, 5, '2022-02-15 21:43:29', '2022-02-15 21:43:29'),
(167, 'ديلاي', 'ميز tv', 'روستك', '0', 'ميز tv', '0', 420.00, 1, 5, '2022-02-15 21:47:07', '2022-02-15 21:47:07'),
(168, 'ديلاي', 'ميز tv', 'شيزاده', '0', 'ميز tv', '0', 440.00, 1, 5, '2022-02-15 21:48:20', '2022-02-15 21:48:20'),
(169, 'ديلاي', 'ميز tv', 'اوكيانس', '0', 'ميز tv', '0', 400.00, 1, 5, '2022-02-15 21:50:00', '2022-02-15 21:50:00'),
(170, 'ايهان', 'ميز tv', 'برادا', '0', 'ميز tv', '0', 532.00, 1, 5, '2022-02-15 22:05:02', '2022-02-15 22:05:02'),
(171, 'ايهان', 'ميز tv', 'بينتلي', '0', 'ميز tv', '0', 400.00, 1, 5, '2022-02-15 22:08:06', '2022-02-15 22:08:06'),
(172, 'ايهان', 'ميز tv', 'لينا', '0', 'ميز tv', '0', 490.00, 1, 5, '2022-02-15 22:10:10', '2022-02-15 22:10:10'),
(173, 'ايهان', 'ميز tv', 'نيل', '0', 'ميز tv', '0', 445.00, 1, 5, '2022-02-15 22:11:53', '2022-02-15 22:11:53'),
(174, 'الفيمو', 'ميز tv', 'ميستي', '0', 'ميز tv', '0', 285.00, 1, 5, '2022-02-15 22:15:14', '2022-02-15 22:15:14'),
(175, 'الفيمو', 'ميز tv', 'ايروين', '0', 'ميز tv', '0', 200.00, 1, 5, '2022-02-15 22:27:37', '2022-02-15 22:27:37'),
(176, 'الفيمو', 'ميز tv', 'انفنتي', '0', 'ميز tv', '0', 260.00, 1, 5, '2022-02-15 22:29:12', '2022-02-15 22:29:12'),
(177, 'الفيمو', 'ميز tv', 'فيلا كبير', '0', 'ميزtv', '0', 360.00, 1, 5, '2022-02-15 22:31:14', '2022-02-15 22:31:14'),
(178, 'الفيمو', 'ميز tv', 'فيلا صغير', '0', 'ميز tv', '0', 255.00, 1, 5, '2022-02-16 00:46:33', '2022-02-16 00:46:33'),
(179, 'كليم', 'ميز tv', 'بيكا', '0', 'ميز tv', '0', 240.00, 1, 5, '2022-02-16 00:48:58', '2022-02-16 00:48:58'),
(180, 'كليم', 'ميز tv', 'اماسرا', '0', 'ميز tv', '0', 440.00, 1, 5, '2022-02-16 00:50:15', '2022-02-16 00:50:15'),
(181, 'كليم', 'ميز tv', 'بودروم', '0', 'ميزtv', '0', 300.00, 1, 5, '2022-02-16 00:51:11', '2022-02-16 00:51:11'),
(182, 'كليم', 'ميز tv', 'ماياناس', '0', 'ميزtv', '0', 250.00, 1, 5, '2022-02-16 00:52:44', '2022-02-16 00:52:44'),
(183, 'كليم', 'ميز tv', 'بوكا', '0', 'ميز tv', '0', 310.00, 1, 5, '2022-02-16 00:54:29', '2022-02-16 00:54:29'),
(184, 'كليم', 'ميز tv', 'جيداز', '0', 'ميزtv', '0', 300.00, 1, 5, '2022-02-16 00:55:27', '2022-02-16 00:55:27'),
(185, 'كليم', 'ميز tv', 'ماين اسود', '0', 'ميز tv', '0', 100.00, 1, 5, '2022-02-16 00:56:47', '2022-02-16 00:56:47'),
(186, 'كليم', 'ميز tv', 'ماين ابيض', '0', 'ميز tv', '0', 100.00, 1, 5, '2022-02-16 00:57:29', '2022-02-16 00:57:29'),
(187, 'كاليتل', 'ميز tv', 'ايماج', '0', 'ميز tv', '0', 475.00, 1, 5, '2022-02-16 00:58:50', '2022-02-16 00:58:50'),
(188, 'كاليتل', 'ميز tv', 'برشلونه', '0', 'ميز tv', '0', 620.00, 1, 5, '2022-02-16 01:01:44', '2022-02-16 01:01:44'),
(189, 'ashley', 'تخم قنفات', '1200136', '1200136', 'قنفة سرير', 'اسود', 750.00, 1, 5, '2022-02-16 01:03:33', '2022-02-16 01:03:33'),
(190, 'الفيمو', 'تخم قنفات', 'لينا', '0', 'تخم 3211', '0', 1990.00, 0, 5, '2022-02-16 01:04:58', '2022-02-16 01:04:58'),
(191, 'الفيمو', 'تخم قنفات', 'بورد فورد', '0', 'تخم 3311', 'احمر', 2070.00, 1, 5, '2022-02-16 01:06:23', '2022-02-16 01:06:23'),
(192, 'الفيمو', 'تخم قنفات', 'ايسين', '0', 'تخم 3311', 'برتقالي', 2020.00, 0, 5, '2022-02-16 01:07:34', '2022-02-16 01:07:34'),
(193, 'كليم', 'تخم قنفات', 'فاستا', '16-619', 'قنفة ثلاثية', '0', 480.00, 1, 5, '2022-02-16 01:08:54', '2022-02-16 01:08:54'),
(194, 'كليم', 'تخم قنفات', 'فاستا', '10-619', 'قنفة ثلاثية', '0', 480.00, 1, 5, '2022-02-16 01:09:51', '2022-02-16 01:09:51'),
(195, 'كليم', 'تخم قنفات', 'فاستا', '13-379', 'قنفة ثلاثية', '0', 480.00, 1, 5, '2022-02-16 01:17:08', '2022-02-16 01:17:08'),
(196, 'كليم', 'تخم قنفات', 'فاستا', '18-832', 'قنفة ثلاثية', '0', 480.00, 1, 5, '2022-02-16 01:17:49', '2022-02-16 01:17:49'),
(197, 'كليم', 'تخم قنفات', 'فاستا', '20-450', 'قنفة ثلاثية', '0', 480.00, 1, 5, '2022-02-16 01:18:53', '2022-02-16 01:18:53'),
(198, 'كليم', 'كرسي', 'بهار ', '10-619', 'كرسي مفرد', '0', 180.00, 1, 5, '2022-02-16 01:28:02', '2022-02-16 01:28:02'),
(199, 'كليم', 'كرسي ', 'كاباكوديا', '02-450', 'كرسي مفرد', '0', 260.00, 1, 5, '2022-02-16 01:30:02', '2022-02-16 01:30:02'),
(200, 'اريكلان', 'تخم قنفات', 'اطلس', '0', 'تخم 3311', '0', 2050.00, 1, 5, '2022-02-16 01:31:30', '2022-02-16 01:31:30'),
(201, 'لافينيا', 'تخم قنفات', 'موبل', '0', '3311', '0', 2050.00, 1, 5, '2022-02-16 01:33:02', '2022-02-16 01:33:02'),
(202, 'ريندي', 'تخم قنفات', 'مونزو', '0', '3311', '0', 1770.00, 1, 5, '2022-02-16 01:34:33', '2022-02-16 01:34:33'),
(203, 'كليم', 'تخم قنفات', 'كاردن', '26-824', '3311', '0', 2050.00, 1, 5, '2022-02-16 01:36:25', '2022-02-16 01:36:25'),
(204, 'كليم', 'تخم قنفات', 'كامليكا', '20-790', '3311', '0', 1190.00, 1, 5, '2022-02-16 01:37:41', '2022-02-16 01:37:41'),
(205, 'كليم', 'تخم قنفات', 'بوفي', '24-623', 'قنفة ثلاثية', '0', 420.00, 1, 5, '2022-02-16 01:40:02', '2022-02-16 01:40:02'),
(206, 'كليم', 'زاوية', 'كولد', '13-810', '3*3', '0', 1480.00, 1, 5, '2022-02-16 01:44:15', '2022-02-16 01:44:15'),
(207, 'كليم', 'تخم قنفات', 'نيفا', '04-832', '3311', '0', 1620.00, 1, 5, '2022-02-16 01:46:29', '2022-02-16 01:46:29'),
(208, 'كليم', 'تخم قنفات', 'نيفا', '05-832', '3311', '0', 1620.00, 1, 5, '2022-02-16 01:47:22', '2022-02-16 01:47:22'),
(209, 'كليم', 'تخم قنفات', 'نيفا', '11-840', '3311', '0', 1620.00, 1, 5, '2022-02-16 01:49:19', '2022-02-16 01:49:19'),
(210, 'كليم', 'تخم قنفات', 'نيفا', '10-832', '3311', '0', 1620.00, 1, 5, '2022-02-16 01:50:10', '2022-02-16 01:50:10'),
(211, 'كليم', 'تخم قنفات', 'بوكا', '14-623', '111133', '0', 1500.00, 1, 5, '2022-02-16 01:52:00', '2022-02-16 01:52:00'),
(212, 'نيو مودا', 'تخم قنفات', 'لوكاس', '0', '3311', '0', 2499.00, 1, 5, '2022-02-16 01:54:40', '2022-02-16 01:54:40'),
(213, 'نيو مودا', 'تخم قنفات', 'نيو سكلا', '0', '3411', '0', 2599.00, 1, 5, '2022-02-16 01:56:23', '2022-02-16 01:56:23'),
(214, 'نيلز', 'تخم قنفات', 'كولد', '0', '3311', '0', 2490.00, 1, 5, '2022-02-16 02:00:44', '2022-02-16 02:00:44'),
(215, 'كليم', 'تخم زاوية', 'مودا', '18-806', '3*3', '0', 1370.00, 1, 5, '2022-02-16 02:03:09', '2022-02-16 02:03:09'),
(216, 'كليم', 'تخم زاوية', 'اكاياكا', '10-619', '2*3', '0', 1250.00, 1, 5, '2022-02-16 02:04:08', '2022-02-16 02:04:08'),
(217, 'كليم', 'تخم زاوية', 'زيكانا', '18-734', '2*2', '0', 995.00, 1, 5, '2022-02-16 02:05:18', '2022-02-16 02:05:18'),
(218, 'كليم', 'تخم زاوية', 'زيكانا', '18-832', 'صغير', '0', 620.00, 1, 5, '2022-02-16 02:07:04', '2022-02-16 02:07:04'),
(219, 'كليم', 'تخم قنفات', 'زيكانا', '18-832', '311', '0', 740.00, 1, 5, '2022-02-16 02:08:16', '2022-02-16 02:08:16'),
(220, 'كليم', 'تخم زاوية', 'زيكانا', '03-619', 'صغير', '0', 620.00, 1, 5, '2022-02-16 02:09:56', '2022-02-16 02:09:56'),
(221, 'كليم', 'تخم زاوية', 'زيكانا', '20-623', 'صغير', '0', 620.00, 1, 5, '2022-02-16 02:10:40', '2022-02-16 02:10:40'),
(222, 'كليم', 'تخم زاوية', 'زيكانا', '12-450', 'صغير', '0', 620.00, 1, 5, '2022-02-16 02:11:19', '2022-02-16 02:11:19'),
(223, 'كليم', 'تخم زاوية', 'زيكانا', '03-788', 'صغير', '0', 620.00, 1, 5, '2022-02-16 02:12:06', '2022-02-16 02:12:06'),
(224, 'كليم', 'تخم زاوية', 'زيكانا', '14-619', 'صغير', '0', 640.00, 1, 5, '2022-02-17 18:22:05', '2022-02-17 18:22:05'),
(225, 'كليم', 'تخم زاوية', 'زيكانا', '24-619', 'صغير', '0', 620.00, 1, 5, '2022-02-17 18:23:02', '2022-02-17 18:23:02'),
(226, 'كليم', 'تخم زاوية', 'زيكانا', '37-540', 'صغير', '0', 620.00, 1, 5, '2022-02-17 18:23:45', '2022-02-17 18:23:45'),
(227, 'ديلاي', 'تخم زاوية', 'ستايل', '0', '3*2', '0', 940.00, 1, 5, '2022-02-17 18:25:07', '2022-02-17 18:25:07'),
(228, 'ديلاي', 'تخم زاوية', 'ريترو', '0', '3*2', '0', 940.00, 1, 5, '2022-02-17 18:28:37', '2022-02-17 18:28:37'),
(229, 'ديلاي', 'تخم زاوية', 'تيمبو ', '0', '2*3', '0', 1390.00, 1, 5, '2022-02-17 18:39:49', '2022-02-17 18:39:49'),
(230, 'كليم', 'طبلات ', 'نيفا', '0', 'طبلة وسطية', '0', 245.00, 1, 5, '2022-02-17 18:43:20', '2022-02-17 18:43:20'),
(231, 'كليم', 'طبلات ', 'نيفا', '0', 'طبلة جانبية', '0', 205.00, 1, 5, '2022-02-17 18:44:12', '2022-02-17 18:44:12'),
(232, 'توكو ستايل', 'طبلات ', 'كاريوت', '0', 'ست طبلات', '0', 440.00, 1, 5, '2022-02-17 18:45:16', '2022-02-17 18:45:16'),
(233, 'توكو ستايل', 'طبلات ', 'اوركمي', '0', 'طبلة وسطية', '0', 388.00, 1, 5, '2022-02-17 18:46:07', '2022-02-17 18:46:07'),
(234, 'توكو ستايل', 'طبلات ', 'فوكس', '0', 'طبلة جانبية', '0', 240.00, 1, 5, '2022-02-17 18:47:00', '2022-02-17 18:47:00'),
(235, 'نيلز', 'طبلات ', 'لوما', '0', 'طبلة جانبية', '0', 175.00, 1, 5, '2022-02-17 18:48:13', '2022-02-17 18:48:13'),
(236, 'نيلز', 'طبلات ', 'لوما', '0', 'طبلة وسطية', '0', 350.00, 1, 5, '2022-02-17 18:50:06', '2022-02-17 18:50:06'),
(237, 'نيلز', 'طبلات ', 'ساين', '0', 'طبلة جانبية ', '0', 195.00, 1, 5, '2022-02-17 18:51:27', '2022-02-17 18:51:27'),
(238, 'نيلز', 'طبلات ', 'كولد', '0', 'طبلة وسطية', '0', 350.00, 1, 5, '2022-02-17 18:53:09', '2022-02-17 18:53:09'),
(239, 'نيلز', 'طبلات ', 'كولد', '0', 'طبلة جانبية', '0', 270.00, 1, 5, '2022-02-17 18:55:42', '2022-02-17 18:55:42'),
(240, 'ايهان', 'طبلات ', 'وايلنت', '0', 'طبلة وسطية', '0', 290.00, 1, 5, '2022-02-17 18:56:44', '2022-02-17 18:56:44'),
(241, 'ايهان', 'طبلات ', 'بينتلي', '0', 'طبلة وسطية', '0', 310.00, 0, 5, '2022-02-17 18:58:20', '2022-02-17 18:58:20'),
(242, 'ايهان', 'طبلات ', 'بيرل', '0', 'طبلة وسطية', '0', 260.00, 0, 5, '2022-02-17 18:59:36', '2022-02-17 18:59:36'),
(243, 'ايهان', 'طبلات ', 'لينا', '0', 'طبلة وسطية', '0', 280.00, 0, 5, '2022-02-17 19:03:29', '2022-02-17 19:03:29'),
(244, 'ايهان', 'طبلات ', 'زين', '0', 'سيت طبلات', '0', 210.00, 0, 5, '2022-02-17 19:04:20', '2022-02-17 19:04:20'),
(245, 'ايهان', 'طبلات ', 'ليما', '0', 'طبلة وسطية', '0', 310.00, 0, 5, '2022-02-17 20:40:05', '2022-02-17 20:40:05'),
(246, 'ايهان', 'طبلات ', 'فينوس', '0', 'طبلة جانبية', '0', 195.00, 0, 5, '2022-02-17 20:42:12', '2022-02-17 20:42:12'),
(247, 'ايهان', 'طبلات ', 'ترند', '0', 'طبلة جانبية', '0', 160.00, 0, 5, '2022-02-17 20:43:30', '2022-02-17 20:43:30'),
(248, 'ايهان', 'طبلات ', 'ترند', '0', 'طبلة وسطية', '0', 260.00, 0, 5, '2022-02-17 20:44:44', '2022-02-17 20:44:44'),
(249, 'ايهان', 'طبلات ', 'نيرفانا', '0', 'طبلة جانبية', '0', 150.00, 0, 5, '2022-02-17 20:46:08', '2022-02-17 20:46:08'),
(250, 'الفيمو', 'طبلات ', 'ايسين', '0', 'طبلة وسطية', '0', 160.00, 0, 5, '2022-02-17 20:48:03', '2022-02-17 20:48:03'),
(251, 'الفيمو', 'طبلات ', 'ايسين', '0', 'طبلة جانبية', '0', 85.00, 0, 5, '2022-02-17 20:48:45', '2022-02-17 20:48:45'),
(252, 'الفيمو', 'طبلات ', 'هيكسا فينتاج', '0', 'طبلة جانبية', '0', 225.00, 0, 5, '2022-02-17 20:49:54', '2022-02-17 20:49:54'),
(253, 'الفيمو', 'طبلات ', 'انفنتي', '0', 'طبلة جانبية', '0', 88.00, 1, 5, '2022-02-17 20:51:30', '2022-02-17 20:51:30'),
(254, 'الفيمو', 'طبلات ', 'بوني', '0', 'سيت طبلات', 'احمر', 175.00, 1, 5, '2022-02-17 20:55:39', '2022-02-17 20:55:39'),
(255, 'الفيمو', 'طبلات ', 'بوني', '0', 'سيت طبلات', 'اخضر', 175.00, 1, 5, '2022-02-17 20:57:00', '2022-02-17 20:57:00'),
(256, 'الفيمو', 'طبلات ', 'فيكاس', '0', 'طبلة وسطية', '0', 240.00, 0, 5, '2022-02-17 20:57:56', '2022-02-17 20:57:56'),
(257, 'الفيمو', 'طبلات ', 'فيكاس', '0', 'طبلة جانبية', '0', 225.00, 0, 5, '2022-02-17 20:58:38', '2022-02-17 20:58:38'),
(258, 'الفيمو', 'طبلات ', 'ايروين', '0', 'طبلة وسطية', '0', 125.00, 1, 5, '2022-02-17 20:59:20', '2022-02-17 20:59:20'),
(259, 'الفيمو', 'طبلات ', 'ايروين', '0', 'طبلة جانبية', '0', 50.00, 1, 5, '2022-02-17 21:00:07', '2022-02-17 21:00:07'),
(260, 'الفيمو', 'طبلات ', 'هارفي', '0', 'طبلة وسطية', '0', 220.00, 0, 5, '2022-02-17 21:01:47', '2022-02-17 21:01:47'),
(261, 'الفيمو', 'طبلات ', 'هارفي', '0', 'طبلة جانبية', '0', 125.00, 0, 5, '2022-02-17 21:02:34', '2022-02-17 21:02:34'),
(262, 'الفيمو', 'طبلات ', 'رنك', '0', 'طبلة وسطية', '0', 299.00, 0, 5, '2022-02-17 21:04:11', '2022-02-17 21:04:11'),
(263, 'تيريزا هيل', 'طبلات ', 'ناتورة', '0', 'طبلة جانبية', '0', 156.00, 1, 5, '2022-02-17 21:05:09', '2022-02-17 21:05:09'),
(264, 'ريندي', 'طبلات ', 'ايبرو', '0', 'طبلة وسطية', '0', 200.00, 1, 5, '2022-02-17 21:06:24', '2022-02-17 21:06:24'),
(265, 'ريندي', 'طبلات ', 'ايبرو', '0', 'طبلة جانبية', '0', 175.00, 1, 5, '2022-02-17 21:08:54', '2022-02-17 21:08:54'),
(266, 'ديلاي', 'طبلات ', 'بايوكلو', '0', 'طبلة وسطية', '0', 195.00, 1, 5, '2022-02-17 21:10:35', '2022-02-17 21:10:35'),
(267, 'ديلاي', 'طبلات ', 'بلاتين', '0', 'طبلة وسطية', '0', 110.00, 1, 5, '2022-02-17 21:11:31', '2022-02-17 21:11:31'),
(268, 'ديلاي', 'طبلات ', 'كلاس', '0', 'سيت طبلات', '0', 170.00, 1, 5, '2022-02-17 21:13:21', '2022-02-17 21:13:21'),
(269, 'ashley', 'طبلات ', 't592-3', 't592-3', 'طبلة جانبية', '0', 145.00, 1, 5, '2022-02-17 21:14:45', '2022-02-17 21:14:45'),
(270, 'ashley', 'طبلات ', 't415-2', 't415-2', 'طبلة وسطية', '0', 206.00, 1, 5, '2022-02-17 21:35:22', '2022-02-17 21:35:22'),
(271, 'ashley', 'طبلات ', 't500-716', 't500-716', 'طبلة جانبية', '0', 250.00, 1, 5, '2022-02-17 21:36:30', '2022-02-17 21:36:30'),
(272, 'ashley', 'طبلات ', 't086-6', 't086-6', 'طبلة وسطية', '0', 180.00, 1, 5, '2022-02-17 21:37:33', '2022-02-17 21:37:33'),
(273, 'ashley', 'طبلات ', 't136-2', 't136-2', 'طبلة جانبية ', '0', 150.00, 1, 5, '2022-02-17 21:38:53', '2022-02-17 21:38:53'),
(274, 'ashley', 'طبلات ', 't136-8', 't136-8', 'طبلة وسطية', '0', 195.00, 1, 5, '2022-02-17 21:39:44', '2022-02-17 21:39:44'),
(275, 'ashley', 'مدخل', 't086-4', 't086-4', 'مدخل', '0', 281.00, 1, 5, '2022-02-17 21:42:13', '2022-02-17 21:42:13'),
(276, 'ashley', 'طبلات ', 't628-2', 't628-2', 'طبلة جانبية', '0', 244.00, 1, 5, '2022-02-17 21:43:13', '2022-02-17 21:43:13'),
(277, 'كليم', 'دوشك', 'كيزما', '0', '90*190', '0', 150.00, 1, 5, '2022-02-17 21:45:32', '2022-02-17 21:45:32'),
(278, 'كليم', 'دوشك', 'بوكت', '0', '70*130', '0', 65.00, 1, 5, '2022-02-17 21:46:21', '2022-02-17 21:46:21'),
(279, 'كليم', 'دوشك', 'بوكت', '0', '90*190', '0', 110.00, 1, 5, '2022-02-17 21:47:22', '2022-02-17 21:47:22'),
(280, 'كليم', 'دوشك', 'بوكت', '0', '90*200', '0', 110.00, 2, 5, '2022-02-17 21:48:00', '2022-02-17 21:48:00'),
(281, 'كليم', 'دوشك', 'بوكت', '0', '100*200', '0', 120.00, 2, 5, '2022-02-17 21:48:41', '2022-02-17 21:48:41'),
(282, 'كليم', 'دوشك', 'كيزما', '0', '100*200', '0', 165.00, 2, 5, '2022-02-17 21:49:48', '2022-02-17 21:49:48'),
(283, 'كليم', 'دوشك', 'كيزما', '0', '120*200', '0', 175.00, 2, 5, '2022-02-17 21:51:14', '2022-02-17 21:51:14'),
(284, 'كليم', 'دوشك', 'بوكت', '0', '160*200', '0', 190.00, 2, 5, '2022-02-17 21:52:05', '2022-02-17 21:52:05'),
(285, 'كليم', 'دوشك', 'دزاين', '0', '16*200', '0', 500.00, 1, 5, '2022-02-17 21:53:03', '2022-02-17 21:53:03'),
(286, 'كليم', 'دوشك', 'كيزما', '0', '180*200', '0', 295.00, 1, 5, '2022-02-17 21:54:59', '2022-02-17 21:54:59'),
(287, 'كليم', 'دوشك', 'ساندي', '0', '160*200', '0', 320.00, 1, 5, '2022-02-17 21:55:51', '2022-02-17 21:55:51'),
(288, 'كليم', 'دوشك', 'كيزما', '0', '160*200', '0', 265.00, 1, 5, '2022-02-17 21:56:44', '2022-02-17 21:56:44'),
(289, 'كليم', 'دوشك', 'بامبو', '0', '180*200', '0', 399.00, 1, 5, '2022-02-17 21:57:53', '2022-02-17 21:57:53'),
(290, 'جلك', 'دوشك', 'ستار', '0', '195*90', '0', 165.00, 1, 5, '2022-02-17 21:59:15', '2022-02-17 21:59:15'),
(291, 'كليم', 'دوشك', 'بوكت', '0', '70*140', '0', 56.00, 1, 5, '2022-02-17 22:00:20', '2022-02-17 22:00:20'),
(292, 'جلك', 'دوشك', 'ستار', '0', '100*200', '0', 165.00, 1, 5, '2022-02-17 22:01:44', '2022-02-17 22:01:44'),
(293, 'الميلا', 'دوشك', 'بدون', '0', '100*200', '0', 165.00, 1, 5, '2022-02-17 22:02:42', '2022-02-17 22:02:42'),
(294, 'اورهان', 'مدخل', 'بيرا', '0', 'مخل', '0', 590.00, 1, 5, '2022-02-17 22:05:34', '2022-02-17 22:05:34'),
(295, 'ديلاي', 'جزامة', 'ليزبون', '0', 'جزامة احذية', '0', 150.00, 2, 5, '2022-02-17 22:07:01', '2022-02-17 22:07:01'),
(296, 'كليم', 'مكتبة', 'بدون', '0', 'مكتبة حديد', '0', 190.00, 1, 5, '2022-02-17 22:10:35', '2022-02-17 22:10:35'),
(297, 'الفيمو', 'مكتبة', 'بيزل', '0', 'مكتبة خشب', '0', 450.00, 0, 5, '2022-02-17 22:15:32', '2022-02-17 22:15:32'),
(298, 'اوفسيت', 'منصة احتفال', 'ريستروم', '0', 'منصة احتفال', '0', 100.00, 1, 5, '2022-02-17 22:17:02', '2022-02-17 22:17:02'),
(299, 'جاردن', 'ميز طعام', 'فيوترال', '0', 'ميز بلاستك', '0', 350.00, 0, 5, '2022-02-17 22:18:34', '2022-02-17 22:18:34'),
(300, 'الفيمو', 'مراية', 'لونا', '0', 'سيت مراية', 'ابيض', 120.00, 1, 5, '2022-02-17 22:20:09', '2022-02-17 22:20:09'),
(301, 'الفيمو', 'مراية', 'لونا', '0', 'سيت مراية', 'جوزي', 120.00, 1, 5, '2022-02-17 22:24:32', '2022-02-17 22:24:32'),
(302, 'الفيمو', 'مراية', 'كرافت', '0', 'سيت مراية', '0', 145.00, 1, 5, '2022-02-17 22:26:11', '2022-02-17 22:26:11'),
(303, 'الفيمو', 'مراية', 'رنك', '0', 'مراية تعليق', '0', 300.00, 0, 5, '2022-02-17 22:27:33', '2022-02-17 22:27:33'),
(304, 'الفيمو', 'مراية', 'فيكاس', '0', 'مراية تعليق', '0', 60.00, 1, 5, '2022-02-17 22:28:28', '2022-02-17 22:28:28'),
(305, 'نيلز', 'مراية', 'كازيلا', '0', 'مراية بدي', '0', 150.00, 1, 5, '2022-02-17 22:29:19', '2022-02-17 22:29:19');

-- --------------------------------------------------------

--
-- Table structure for table `migrations`
--

CREATE TABLE `migrations` (
  `id` int(10) UNSIGNED NOT NULL,
  `migration` varchar(255) COLLATE utf8mb4_unicode_ci NOT NULL,
  `batch` int(11) NOT NULL
) ENGINE=InnoDB DEFAULT CHARSET=utf8mb4 COLLATE=utf8mb4_unicode_ci;

--
-- Dumping data for table `migrations`
--

INSERT INTO `migrations` (`id`, `migration`, `batch`) VALUES
(1, '2014_10_12_000000_create_users_table', 1),
(2, '2014_10_12_100000_create_password_resets_table', 1),
(3, '2019_08_19_000000_create_failed_jobs_table', 1),
(4, '2020_09_15_191008_create_sections_table', 1),
(5, '2020_09_16_164252_create_invoices_table', 1),
(6, '2020_09_19_150429_create_products_table', 1),
(7, '2020_09_25_203659_create_invoices_details_table', 1),
(8, '2020_09_25_205105_create_invoice_attachments_table', 1),
(9, '2020_10_28_174351_create_permission_tables', 1),
(10, '2020_11_24_141850_create_notifications_table', 1),
(11, '2022_01_06_055144_create_suppliers_table', 2),
(12, '2022_01_06_055145_create_containers_table', 3),
(13, '2022_01_09_135713_create_items_table', 4),
(14, '2022_01_09_140602_create_store_table', 5),
(15, '2022_01_20_215618_create_customers_table', 6),
(17, '2022_01_21_182623_create_sale_invoices_details_table', 7),
(19, '2022_01_22_134841_create_cart_table', 8),
(21, '2022_01_28_133818_create_return_items_table', 9),
(22, '2022_01_19_201241_create_qutlays_table', 10),
(23, '2022_01_21_104132_create_payments_table', 11);

-- --------------------------------------------------------

--
-- Table structure for table `model_has_permissions`
--

CREATE TABLE `model_has_permissions` (
  `permission_id` bigint(20) UNSIGNED NOT NULL,
  `model_type` varchar(255) COLLATE utf8mb4_unicode_ci NOT NULL,
  `model_id` bigint(20) UNSIGNED NOT NULL
) ENGINE=InnoDB DEFAULT CHARSET=utf8mb4 COLLATE=utf8mb4_unicode_ci;

-- --------------------------------------------------------

--
-- Table structure for table `model_has_roles`
--

CREATE TABLE `model_has_roles` (
  `role_id` bigint(20) UNSIGNED NOT NULL,
  `model_type` varchar(255) COLLATE utf8mb4_unicode_ci NOT NULL,
  `model_id` bigint(20) UNSIGNED NOT NULL
) ENGINE=InnoDB DEFAULT CHARSET=utf8mb4 COLLATE=utf8mb4_unicode_ci;

--
-- Dumping data for table `model_has_roles`
--

INSERT INTO `model_has_roles` (`role_id`, `model_type`, `model_id`) VALUES
(1, 'App\\User', 1),
(2, 'App\\User', 2),
(2, 'App\\User', 5),
(6, 'App\\User', 8),
(7, 'App\\User', 7);

-- --------------------------------------------------------

--
-- Table structure for table `notifications`
--

CREATE TABLE `notifications` (
  `id` char(36) COLLATE utf8mb4_unicode_ci NOT NULL,
  `type` varchar(255) COLLATE utf8mb4_unicode_ci NOT NULL,
  `notifiable_type` varchar(255) COLLATE utf8mb4_unicode_ci NOT NULL,
  `notifiable_id` bigint(20) UNSIGNED NOT NULL,
  `data` text COLLATE utf8mb4_unicode_ci NOT NULL,
  `read_at` timestamp NULL DEFAULT NULL,
  `created_at` timestamp NULL DEFAULT NULL,
  `updated_at` timestamp NULL DEFAULT NULL
) ENGINE=InnoDB DEFAULT CHARSET=utf8mb4 COLLATE=utf8mb4_unicode_ci;

-- --------------------------------------------------------

--
-- Table structure for table `password_resets`
--

CREATE TABLE `password_resets` (
  `email` varchar(255) COLLATE utf8mb4_unicode_ci NOT NULL,
  `token` varchar(255) COLLATE utf8mb4_unicode_ci NOT NULL,
  `created_at` timestamp NULL DEFAULT NULL
) ENGINE=InnoDB DEFAULT CHARSET=utf8mb4 COLLATE=utf8mb4_unicode_ci;

-- --------------------------------------------------------

--
-- Table structure for table `payments`
--

CREATE TABLE `payments` (
  `id` bigint(20) UNSIGNED NOT NULL,
  `id_suppliers` varchar(255) COLLATE utf8mb4_unicode_ci NOT NULL,
  `payment_amount` int(11) NOT NULL,
  `payment_date` date NOT NULL,
  `payment_company` varchar(255) COLLATE utf8mb4_unicode_ci NOT NULL,
  `payment_note` varchar(255) COLLATE utf8mb4_unicode_ci DEFAULT NULL,
  `created_at` timestamp NULL DEFAULT NULL,
  `updated_at` timestamp NULL DEFAULT NULL
) ENGINE=InnoDB DEFAULT CHARSET=utf8mb4 COLLATE=utf8mb4_unicode_ci;

--
-- Dumping data for table `payments`
--

INSERT INTO `payments` (`id`, `id_suppliers`, `payment_amount`, `payment_date`, `payment_company`, `payment_note`, `created_at`, `updated_at`) VALUES
(5, '6', 50000, '2021-12-13', 'الجائز', 'امانة', '2022-02-10 16:14:04', '2022-02-10 16:14:04'),
(6, '6', 19673, '2021-12-19', 'الجائز', 'تسديد اول حاوية مشكل', '2022-02-10 16:15:57', '2022-02-10 16:15:57'),
(7, '6', 20000, '2021-12-28', 'الجائز', 'تسديد الباقي من نصف مبلغ اثاث البصرة', '2022-02-10 16:17:24', '2022-02-10 16:17:24'),
(8, '6', 26383, '2021-12-31', 'الجائز', 'تسديد فاتورة اشلي', '2022-02-10 16:19:29', '2022-02-10 16:19:29'),
(9, '6', 50000, '2022-01-01', 'الجائز', 'تحويل الى اربيل من قبل رعد', '2022-02-10 16:20:42', '2022-02-10 16:20:42'),
(10, '11', 25727, '2022-02-06', 'الجائز', 'اكمال تسديد فاتورة الميلا', '2022-02-10 16:24:00', '2022-02-10 16:24:00');

-- --------------------------------------------------------

--
-- Table structure for table `permissions`
--

CREATE TABLE `permissions` (
  `id` bigint(20) UNSIGNED NOT NULL,
  `name` varchar(255) COLLATE utf8mb4_unicode_ci NOT NULL,
  `guard_name` varchar(255) COLLATE utf8mb4_unicode_ci NOT NULL,
  `created_at` timestamp NULL DEFAULT NULL,
  `updated_at` timestamp NULL DEFAULT NULL
) ENGINE=InnoDB DEFAULT CHARSET=utf8mb4 COLLATE=utf8mb4_unicode_ci;

--
-- Dumping data for table `permissions`
--

INSERT INTO `permissions` (`id`, `name`, `guard_name`, `created_at`, `updated_at`) VALUES
(1, 'المستخدمين', 'web', '2022-01-02 13:31:18', '2022-01-02 13:31:18'),
(2, 'قائمة المستخدمين', 'web', '2022-01-02 13:31:18', '2022-01-02 13:31:18'),
(3, 'إنشاء مستخدم', 'web', '2022-01-02 13:31:18', '2022-01-02 13:31:18'),
(4, 'تعديل مستخدم', 'web', '2022-01-02 13:31:18', '2022-01-02 13:31:18'),
(5, 'حذف مستخدم', 'web', '2022-01-02 13:31:18', '2022-01-02 13:31:18'),
(6, 'أدوار المستخدمين', 'web', '2022-01-02 13:31:18', '2022-01-02 13:31:18'),
(7, 'اضافة الدور', 'web', '2022-01-02 13:31:18', '2022-01-02 13:31:18'),
(8, 'عرض الدور', 'web', '2022-01-02 13:31:18', '2022-01-02 13:31:18'),
(9, 'تعديل الدور', 'web', '2022-01-02 13:31:18', '2022-01-02 13:31:18'),
(10, 'حذف الدور', 'web', '2022-01-02 13:31:18', '2022-01-02 13:31:18'),
(11, 'صلاحيات المستخدمين', 'web', '2022-01-02 13:31:18', '2022-01-02 13:31:18'),
(12, 'اضافة صلاحية', 'web', '2022-01-02 13:31:18', '2022-01-02 13:31:18'),
(13, 'عرض صلاحية', 'web', '2022-01-02 13:31:18', '2022-01-02 13:31:18'),
(14, 'تعديل صلاحية', 'web', '2022-01-02 13:31:18', '2022-01-02 13:31:18'),
(15, 'حذف صلاحية', 'web', '2022-01-02 13:31:18', '2022-01-02 13:31:18'),
(16, 'الوجبات', 'web', '2022-01-02 13:31:18', '2022-01-17 15:23:39'),
(17, 'ادخال بيانات الحاويات', 'web', '2022-01-02 13:31:18', '2022-01-02 13:31:18'),
(18, 'ادخال مصاريف الحاويات', 'web', '2022-01-02 13:31:18', '2022-01-02 13:31:18'),
(19, 'ادخال مواد الوجبة', 'web', '2022-01-02 13:31:18', '2022-01-17 15:22:14'),
(20, 'اضافة منتج', 'web', '2022-01-02 13:31:18', '2022-01-02 13:31:18'),
(21, 'تعديل منتج', 'web', '2022-01-02 13:31:18', '2022-01-02 13:31:18'),
(22, 'حذف منتج', 'web', '2022-01-02 13:31:18', '2022-01-02 13:31:18'),
(23, 'ادخال نسبة الربح', 'web', '2022-01-02 13:31:18', '2022-01-02 13:31:18'),
(24, 'المخزن', 'web', '2022-01-02 13:31:18', '2022-01-02 13:31:18'),
(25, 'كشف المخزن', 'web', '2022-01-02 13:31:18', '2022-01-02 13:31:18'),
(26, 'المبيعات', 'web', '2022-01-02 13:31:18', '2022-01-02 13:31:18'),
(27, 'فاتورة المبيعات', 'web', '2022-01-02 13:31:18', '2022-01-02 13:31:18'),
(28, 'كشف المبيعات', 'web', '2022-01-02 13:31:18', '2022-01-02 13:31:18'),
(29, 'العملاء', 'web', '2022-01-02 13:31:18', '2022-01-02 13:31:18'),
(30, 'كشف تسديد العملاء', 'web', '2022-01-02 13:31:18', '2022-01-02 13:31:18'),
(31, 'الارجاع', 'web', '2022-01-02 13:31:18', '2022-01-02 13:31:18'),
(32, 'المصاريف', 'web', '2022-01-02 13:31:18', '2022-01-02 13:31:18'),
(33, 'كشف المصاريف', 'web', '2022-01-02 13:31:18', '2022-01-02 13:31:18'),
(34, 'كشف الارباح', 'web', '2022-01-02 13:31:18', '2022-01-02 13:31:18'),
(35, 'الاشعارات', 'web', '2022-01-02 13:31:18', '2022-01-02 13:31:18'),
(36, 'الاعدادات', 'web', '2022-01-02 13:31:18', '2022-01-02 13:31:18'),
(37, 'قائمة الوجبات', 'web', '2022-01-06 02:17:25', '2022-01-17 13:59:35'),
(38, 'الموردين', 'web', '2022-01-06 03:14:27', '2022-01-06 03:14:27'),
(39, 'قائمة الموردين', 'web', '2022-01-06 03:14:44', '2022-01-06 03:14:44'),
(40, 'اضافة مورد', 'web', '2022-01-06 09:56:05', '2022-01-06 09:56:05'),
(41, 'تعديل مورد', 'web', '2022-01-06 17:04:14', '2022-01-06 17:04:14'),
(42, 'حذف مورد', 'web', '2022-01-06 17:04:29', '2022-01-06 17:04:29'),
(43, 'اضافة حاوية', 'web', '2022-01-07 05:43:05', '2022-01-07 05:43:05'),
(44, 'تعديل حاوية', 'web', '2022-01-07 06:11:14', '2022-01-07 06:11:14'),
(45, 'حذف حاوية', 'web', '2022-01-07 06:11:33', '2022-01-07 06:11:33'),
(46, 'اضافة مصاريف', 'web', '2022-01-07 06:15:42', '2022-01-07 06:15:42'),
(47, 'تسديد المورد', 'web', '2022-01-17 15:25:23', '2022-01-17 15:25:23'),
(48, 'كشف حساب المورد', 'web', '2022-01-17 15:25:39', '2022-01-17 15:25:39'),
(49, 'الفواتير', 'web', '2022-01-17 15:44:38', '2022-01-17 15:44:38'),
(50, 'اصدار فاتورة بيع', 'web', '2022-01-17 15:49:05', '2022-01-17 15:49:05'),
(51, 'اصدار فاتورة ارجاع', 'web', '2022-01-17 15:49:18', '2022-01-17 15:49:18'),
(52, 'ادخال المصاريف', 'web', '2022-01-17 16:27:33', '2022-01-17 16:28:04'),
(53, 'الارباح', 'web', '2022-01-17 16:30:02', '2022-01-17 16:30:02'),
(54, 'قائمة الفواتير', 'web', '2022-01-26 00:27:35', '2022-01-26 00:27:35'),
(55, 'طباعة فاتورة بيع', 'web', '2022-01-26 00:50:30', '2022-01-26 00:50:30'),
(56, 'ارجاع مواد', 'web', '2022-01-28 09:48:04', '2022-01-28 10:03:53'),
(57, 'الزبائن', 'web', '2022-02-11 04:02:04', '2022-02-11 04:02:04'),
(58, 'قائمة الزبائن', 'web', '2022-02-11 04:07:19', '2022-02-11 04:07:19'),
(59, 'تسديد زبون', 'web', '2022-02-11 04:07:37', '2022-02-11 04:07:37'),
(60, 'كشف حساب زبون', 'web', '2022-02-11 04:07:53', '2022-02-11 04:07:53'),
(61, 'تعديل زبون', 'web', '2022-02-11 04:08:22', '2022-02-11 04:08:22'),
(62, 'النسخ الاحتياطي', 'web', '2022-02-12 15:47:23', '2022-02-12 15:47:23');

-- --------------------------------------------------------

--
-- Table structure for table `qutlays`
--

CREATE TABLE `qutlays` (
  `id` bigint(20) UNSIGNED NOT NULL,
  `qutlays_amount` decimal(10,2) NOT NULL,
  `qutlays_amount_IQ` decimal(10,2) NOT NULL DEFAULT 0.00,
  `qutlays_type` varchar(255) COLLATE utf8mb4_unicode_ci NOT NULL,
  `qutlays_date` date NOT NULL,
  `qutlays_by` varchar(255) COLLATE utf8mb4_unicode_ci NOT NULL,
  `qutlays_note` varchar(255) COLLATE utf8mb4_unicode_ci DEFAULT NULL,
  `qutlays_exchange_rate` decimal(10,2) NOT NULL,
  `created_at` timestamp NULL DEFAULT NULL,
  `updated_at` timestamp NULL DEFAULT NULL
) ENGINE=InnoDB DEFAULT CHARSET=utf8mb4 COLLATE=utf8mb4_unicode_ci;

--
-- Dumping data for table `qutlays`
--

INSERT INTO `qutlays` (`id`, `qutlays_amount`, `qutlays_amount_IQ`, `qutlays_type`, `qutlays_date`, `qutlays_by`, `qutlays_note`, `qutlays_exchange_rate`, `created_at`, `updated_at`) VALUES
(19, 565.00, 0.00, 'طعام', '2021-12-15', 'حسام', 'متنوعة', 150.00, '2022-02-14 16:19:20', '2022-02-14 16:19:20'),
(28, 1632.00, 0.00, 'اعلانات', '2022-01-20', 'حسام', 'اعلان الواجهة', 150.00, '2022-02-14 21:24:25', '2022-02-14 21:24:25'),
(29, 50.00, 0.00, 'تصليح مولدة', '2022-01-27', 'علي مهدي', 'تصليح مولدة كبيرة', 150.00, '2022-02-14 21:26:39', '2022-02-14 21:26:39'),
(30, 140.00, 0.00, 'فيزا تركيا', '2022-01-07', 'حسام', 'اخذ فيزا', 150.00, '2022-02-14 21:27:34', '2022-02-14 21:27:34'),
(31, 80.00, 0.00, 'انترنت', '2022-01-23', 'حسام', 'انترنت شهرين', 150.00, '2022-02-14 21:28:26', '2022-02-14 21:28:26'),
(32, 137.00, 0.00, 'طباعة ', '2021-12-15', 'حسام', 'وصولات وكارتات', 150.00, '2022-02-14 21:30:04', '2022-02-14 21:30:04'),
(33, 350.00, 0.00, 'كاز مولدة', '2021-12-29', 'حسام', 'كاز 1000 لتر', 150.00, '2022-02-14 21:31:06', '2022-02-14 21:31:06'),
(34, 203.00, 0.00, 'تعبئة كارت', '2021-12-30', 'حسام', 'تعبئة 200$', 150.00, '2022-02-14 21:31:51', '2022-02-14 21:31:51'),
(35, 493.00, 0.00, 'عمال', '2022-01-31', 'حسام', 'تحميل وتفريغ حاويات', 150.00, '2022-02-14 21:32:50', '2022-02-14 21:32:50'),
(36, 1827.00, 0.00, 'اجرة نقل ', '2022-01-31', 'حسام', 'اجرة نقل من السليمانية للبصرة', 150.00, '2022-02-14 21:34:09', '2022-02-14 21:34:09'),
(37, 153.00, 0.00, 'فندق', '2022-01-08', 'حسام', 'فندق بصرة وليد وحسام', 150.00, '2022-02-14 21:35:16', '2022-02-14 21:35:16'),
(38, 7.00, 0.00, 'بلدية +دفاع مدني', '2022-01-12', 'حسام', 'بلدية تنظيف', 150.00, '2022-02-14 21:36:07', '2022-02-14 21:36:07'),
(39, 65.00, 0.00, 'كاز سيارة', '2022-01-13', 'مصطفى', 'تفويل السيارة', 150.00, '2022-02-14 21:37:15', '2022-02-14 21:37:15'),
(41, 450.00, 0.00, 'كاميرات', '2022-01-12', 'حسام', 'نصب كاميرات مع شاشة', 150.00, '2022-02-14 21:38:47', '2022-02-14 21:38:47'),
(42, 13.00, 0.00, 'رصيد', '2022-01-11', 'حسام', 'ارصدة للهواتف', 150.00, '2022-02-14 21:39:22', '2022-02-14 21:39:22'),
(43, 2.00, 0.00, 'ماء شاي عصير', '2022-01-06', 'الكادر', 'ماء وشاي وعصير وشكر ونسكافة وقهوة', 150.00, '2022-02-14 21:41:17', '2022-02-14 21:41:17'),
(44, 308.00, 0.00, 'مشتريات', '2022-01-31', 'منعم', 'مشتريات', 150.00, '2022-02-14 21:42:56', '2022-02-14 21:42:56'),
(45, 39.00, 0.00, 'تصليح', '2022-01-12', 'علي مهدي', 'اخشاب وغسل فرشات', 150.00, '2022-02-14 21:47:40', '2022-02-14 21:47:40'),
(46, 201.00, 0.00, 'شاي وماي وعصير', '2022-01-13', 'الكادر', 'ضيافة', 150.00, '2022-02-14 21:48:57', '2022-02-14 21:48:57'),
(47, 1.00, 0.00, 'بلا', '2022-02-14', 'بلا', 'بلا', 1500.00, '2022-02-15 01:02:30', '2022-02-15 01:02:30');

-- --------------------------------------------------------

--
-- Table structure for table `return_items`
--

CREATE TABLE `return_items` (
  `id` bigint(20) UNSIGNED NOT NULL,
  `sale_invoices_id` bigint(20) UNSIGNED NOT NULL,
  `items_id` bigint(20) UNSIGNED NOT NULL,
  `return_quantity` int(11) NOT NULL,
  `create_by` bigint(20) UNSIGNED NOT NULL,
  `created_at` timestamp NULL DEFAULT NULL,
  `updated_at` timestamp NULL DEFAULT NULL
) ENGINE=InnoDB DEFAULT CHARSET=utf8mb4 COLLATE=utf8mb4_unicode_ci;

-- --------------------------------------------------------

--
-- Table structure for table `roles`
--

CREATE TABLE `roles` (
  `id` bigint(20) UNSIGNED NOT NULL,
  `name` varchar(255) COLLATE utf8mb4_unicode_ci NOT NULL,
  `guard_name` varchar(255) COLLATE utf8mb4_unicode_ci NOT NULL,
  `created_at` timestamp NULL DEFAULT NULL,
  `updated_at` timestamp NULL DEFAULT NULL
) ENGINE=InnoDB DEFAULT CHARSET=utf8mb4 COLLATE=utf8mb4_unicode_ci;

--
-- Dumping data for table `roles`
--

INSERT INTO `roles` (`id`, `name`, `guard_name`, `created_at`, `updated_at`) VALUES
(1, 'owner', 'web', '2022-01-02 13:31:18', '2022-01-02 13:31:18'),
(2, 'مدير', 'web', '2022-01-02 13:31:18', '2022-01-02 13:31:18'),
(3, 'محاسب', 'web', '2022-01-02 15:25:05', '2022-01-02 15:25:05'),
(4, 'مدخل البيانات', 'web', '2022-01-02 15:27:03', '2022-01-02 15:27:03'),
(5, 'مدخل المصاريف', 'web', '2022-01-02 15:27:59', '2022-01-02 15:27:59'),
(6, 'البائع', 'web', '2022-01-02 15:29:38', '2022-01-02 15:29:38'),
(7, 'مبيعات', 'web', '2022-02-05 23:48:47', '2022-02-05 23:55:11');

-- --------------------------------------------------------

--
-- Table structure for table `role_has_permissions`
--

CREATE TABLE `role_has_permissions` (
  `permission_id` bigint(20) UNSIGNED NOT NULL,
  `role_id` bigint(20) UNSIGNED NOT NULL
) ENGINE=InnoDB DEFAULT CHARSET=utf8mb4 COLLATE=utf8mb4_unicode_ci;

--
-- Dumping data for table `role_has_permissions`
--

INSERT INTO `role_has_permissions` (`permission_id`, `role_id`) VALUES
(1, 1),
(1, 2),
(1, 4),
(1, 5),
(1, 6),
(2, 1),
(2, 2),
(2, 4),
(2, 5),
(2, 6),
(3, 1),
(3, 2),
(4, 1),
(4, 2),
(4, 3),
(4, 4),
(4, 5),
(4, 6),
(5, 1),
(5, 2),
(6, 1),
(6, 2),
(7, 1),
(7, 2),
(8, 1),
(8, 2),
(9, 1),
(9, 2),
(10, 1),
(10, 2),
(11, 1),
(12, 1),
(13, 1),
(14, 1),
(15, 1),
(16, 1),
(16, 2),
(17, 1),
(17, 2),
(18, 1),
(18, 2),
(19, 1),
(19, 2),
(19, 4),
(20, 1),
(20, 2),
(20, 4),
(21, 1),
(21, 2),
(21, 4),
(22, 1),
(22, 2),
(22, 4),
(23, 1),
(23, 2),
(24, 1),
(24, 2),
(24, 6),
(25, 1),
(25, 2),
(25, 3),
(25, 6),
(26, 1),
(26, 2),
(26, 6),
(26, 7),
(27, 1),
(27, 2),
(27, 6),
(27, 7),
(28, 1),
(28, 2),
(28, 3),
(29, 1),
(29, 2),
(30, 1),
(30, 2),
(30, 3),
(31, 1),
(31, 2),
(31, 6),
(31, 7),
(32, 1),
(32, 2),
(32, 5),
(32, 7),
(33, 1),
(33, 2),
(33, 3),
(34, 1),
(34, 2),
(34, 3),
(35, 1),
(35, 2),
(36, 1),
(36, 2),
(37, 1),
(37, 2),
(38, 1),
(38, 2),
(39, 1),
(39, 2),
(40, 1),
(40, 2),
(41, 1),
(41, 2),
(42, 1),
(42, 2),
(43, 1),
(43, 2),
(44, 1),
(44, 2),
(45, 1),
(45, 2),
(46, 1),
(46, 2),
(47, 1),
(47, 2),
(48, 1),
(48, 2),
(49, 1),
(49, 2),
(49, 6),
(49, 7),
(50, 1),
(50, 2),
(50, 6),
(50, 7),
(51, 1),
(51, 2),
(51, 6),
(51, 7),
(52, 1),
(52, 2),
(53, 1),
(53, 2),
(54, 1),
(54, 2),
(54, 6),
(54, 7),
(55, 1),
(55, 2),
(55, 6),
(55, 7),
(56, 1),
(56, 2),
(56, 6),
(56, 7),
(57, 1),
(57, 2),
(58, 1),
(58, 2),
(59, 1),
(59, 2),
(60, 1),
(60, 2),
(61, 1),
(61, 2),
(62, 1);

-- --------------------------------------------------------

--
-- Table structure for table `sale_invoices`
--

CREATE TABLE `sale_invoices` (
  `id` bigint(20) UNSIGNED NOT NULL,
  `invoice_no` int(11) NOT NULL,
  `invoice_date` date NOT NULL,
  `invoice_customer` bigint(20) UNSIGNED NOT NULL,
  `invoice_phone_1` varchar(255) COLLATE utf8mb4_unicode_ci NOT NULL,
  `invoice_phone_2` varchar(255) COLLATE utf8mb4_unicode_ci NOT NULL,
  `invoice_address` varchar(255) COLLATE utf8mb4_unicode_ci DEFAULT NULL,
  `invoice_amount` varchar(255) COLLATE utf8mb4_unicode_ci NOT NULL,
  `invoice_discount` varchar(255) COLLATE utf8mb4_unicode_ci NOT NULL,
  `invoice_amount_paid` varchar(255) COLLATE utf8mb4_unicode_ci NOT NULL,
  `invoice_remaining_amount` varchar(255) COLLATE utf8mb4_unicode_ci NOT NULL,
  `invoice_exchange_rate` varchar(255) COLLATE utf8mb4_unicode_ci DEFAULT NULL,
  `create_by` bigint(20) UNSIGNED NOT NULL,
  `created_at` timestamp NULL DEFAULT NULL,
  `updated_at` timestamp NULL DEFAULT NULL
) ENGINE=InnoDB DEFAULT CHARSET=utf8mb4 COLLATE=utf8mb4_unicode_ci;

--
-- Dumping data for table `sale_invoices`
--

INSERT INTO `sale_invoices` (`id`, `invoice_no`, `invoice_date`, `invoice_customer`, `invoice_phone_1`, `invoice_phone_2`, `invoice_address`, `invoice_amount`, `invoice_discount`, `invoice_amount_paid`, `invoice_remaining_amount`, `invoice_exchange_rate`, `create_by`, `created_at`, `updated_at`) VALUES
(13, 2, '2022-02-07', 1, '07801151606', '', 'البصرة الحكيمية قرب جامع العشرة المبشرة', '1200', '50', '1150', '0', NULL, 5, '2022-02-08 01:15:01', '2022-02-08 01:15:01'),
(14, 3, '2022-02-08', 2, '07711176763', '', 'البصرة حي الزهراء قرب مدرسة جابر بن حيان', '1200', '50', '50', '1100', NULL, 5, '2022-02-08 20:23:45', '2022-02-08 20:23:45'),
(15, 4, '2022-02-11', 3, '07825082400', '', 'الابصرة البراضعية', '1200', '50', '0', '1150', NULL, 5, '2022-02-12 00:13:14', '2022-02-12 00:13:14');

-- --------------------------------------------------------

--
-- Table structure for table `sale_invoices_details`
--

CREATE TABLE `sale_invoices_details` (
  `id` bigint(20) UNSIGNED NOT NULL,
  `sale_invoices_id` bigint(20) UNSIGNED NOT NULL,
  `items_id` bigint(20) UNSIGNED NOT NULL,
  `store_id` bigint(20) UNSIGNED DEFAULT NULL,
  `sale_quantity` int(11) NOT NULL,
  `sale_price` decimal(10,2) NOT NULL,
  `created_at` timestamp NULL DEFAULT NULL,
  `updated_at` timestamp NULL DEFAULT NULL
) ENGINE=InnoDB DEFAULT CHARSET=utf8mb4 COLLATE=utf8mb4_unicode_ci;

--
-- Dumping data for table `sale_invoices_details`
--

INSERT INTO `sale_invoices_details` (`id`, `sale_invoices_id`, `items_id`, `store_id`, `sale_quantity`, `sale_price`, `created_at`, `updated_at`) VALUES
(2, 13, 21, NULL, 1, 1200.00, '2022-02-08 01:15:01', '2022-02-08 01:15:01'),
(3, 14, 21, NULL, 1, 1200.00, '2022-02-08 20:23:45', '2022-02-08 20:23:45'),
(4, 15, 21, NULL, 1, 1200.00, '2022-02-12 00:13:14', '2022-02-12 00:13:14');

-- --------------------------------------------------------

--
-- Table structure for table `store`
--

CREATE TABLE `store` (
  `id` bigint(20) UNSIGNED NOT NULL,
  `items_id` bigint(20) UNSIGNED NOT NULL,
  `containers_id` bigint(20) UNSIGNED NOT NULL,
  `containers_date` date DEFAULT NULL,
  `item_qty` int(11) NOT NULL,
  `item_remaining` int(11) NOT NULL,
  `item_price` int(11) NOT NULL,
  `item_cost` int(11) NOT NULL,
  `created_at` timestamp NULL DEFAULT NULL,
  `updated_at` timestamp NULL DEFAULT NULL
) ENGINE=InnoDB DEFAULT CHARSET=utf8mb4 COLLATE=utf8mb4_unicode_ci;

--
-- Dumping data for table `store`
--

INSERT INTO `store` (`id`, `items_id`, `containers_id`, `containers_date`, `item_qty`, `item_remaining`, `item_price`, `item_cost`, `created_at`, `updated_at`) VALUES
(2, 14, 9, '2022-01-01', 1, 1, 398, 421, '2022-02-07 23:57:29', '2022-02-07 23:57:29'),
(3, 15, 9, '2022-01-01', 1, 1, 75, 79, '2022-02-07 23:58:37', '2022-02-07 23:58:37'),
(4, 16, 9, '2022-01-01', 1, 1, 184, 195, '2022-02-07 23:59:49', '2022-02-07 23:59:49'),
(5, 17, 9, '2022-01-01', 1, 1, 94, 99, '2022-02-08 00:01:19', '2022-02-08 01:37:43'),
(7, 19, 9, '2022-01-01', 1, 1, 278, 294, '2022-02-08 00:08:05', '2022-02-08 00:08:05'),
(8, 20, 9, '2022-01-01', 1, 1, 128, 135, '2022-02-08 00:09:10', '2022-02-08 00:09:10'),
(9, 21, 9, '2022-01-01', 9, 6, 747, 790, '2022-02-08 00:12:27', '2022-02-12 00:12:50'),
(10, 22, 9, '2022-01-01', 2, 2, 1182, 1251, '2022-02-08 00:15:55', '2022-02-08 00:15:55'),
(11, 23, 9, '2022-01-01', 1, 1, 953, 1008, '2022-02-08 00:20:03', '2022-02-08 00:20:03'),
(12, 24, 9, '2022-01-01', 1, 1, 150, 159, '2022-02-08 00:23:10', '2022-02-08 00:23:10'),
(13, 25, 9, '2022-01-01', 4, 4, 128, 135, '2022-02-08 00:25:27', '2022-02-08 00:25:27'),
(14, 26, 9, '2022-01-01', 1, 1, 990, 1048, '2022-02-08 00:27:03', '2022-02-08 00:27:03'),
(15, 27, 9, '2022-01-01', 2, 2, 923, 977, '2022-02-08 00:28:41', '2022-02-08 00:28:41'),
(16, 28, 9, '2022-01-01', 1, 1, 953, 1008, '2022-02-08 00:30:13', '2022-02-08 00:30:13'),
(17, 29, 9, '2022-01-01', 3, 3, 705, 746, '2022-02-08 00:31:36', '2022-02-08 00:31:36'),
(18, 30, 9, '2022-01-01', 1, 1, 582, 616, '2022-02-08 00:35:28', '2022-02-08 00:35:28'),
(19, 31, 9, '2022-01-01', 1, 1, 390, 413, '2022-02-08 01:24:03', '2022-02-08 01:24:03'),
(20, 32, 12, '2022-12-31', 1, 1, 795, 795, '2022-02-08 17:13:25', '2022-02-08 17:13:25'),
(21, 33, 12, '2022-12-31', 1, 1, 510, 510, '2022-02-08 17:16:34', '2022-02-08 17:16:34'),
(22, 34, 12, '2022-12-31', 2, 2, 403, 403, '2022-02-08 17:20:58', '2022-02-08 17:20:58'),
(23, 35, 12, '2022-12-31', 2, 2, 663, 663, '2022-02-08 17:24:18', '2022-02-08 17:24:18'),
(24, 36, 12, '2022-12-31', 2, 2, 289, 289, '2022-02-08 17:28:39', '2022-02-08 17:28:39'),
(25, 37, 12, '2022-12-31', 1, 1, 1137, 1137, '2022-02-08 17:32:15', '2022-02-08 17:32:15'),
(26, 38, 12, '2022-12-31', 2, 2, 150, 150, '2022-02-08 17:36:10', '2022-02-08 17:36:10'),
(28, 40, 12, '2022-12-31', 1, 1, 350, 350, '2022-02-08 17:40:19', '2022-02-08 17:40:19'),
(29, 41, 12, '2022-12-31', 1, 1, 556, 556, '2022-02-08 17:43:00', '2022-02-08 17:43:00'),
(30, 42, 12, '2022-12-31', 2, 2, 378, 378, '2022-02-08 17:47:26', '2022-02-08 17:47:26'),
(31, 43, 12, '2022-12-31', 2, 2, 389, 389, '2022-02-08 17:58:03', '2022-02-08 17:58:03'),
(32, 44, 12, '2022-12-31', 1, 1, 709, 709, '2022-02-08 18:10:49', '2022-02-08 18:10:49'),
(33, 45, 12, '2022-12-31', 1, 1, 624, 624, '2022-02-08 18:16:14', '2022-02-08 18:16:14'),
(34, 46, 12, '2022-12-31', 5, 5, 282, 282, '2022-02-08 18:18:47', '2022-02-08 18:18:47'),
(35, 47, 12, '2022-12-31', 2, 2, 318, 318, '2022-02-08 18:20:43', '2022-02-08 18:20:43'),
(36, 48, 12, '2022-12-31', 2, 2, 606, 606, '2022-02-08 18:22:22', '2022-02-08 18:22:22'),
(37, 49, 12, '2022-12-31', 6, 6, 75, 75, '2022-02-08 18:25:47', '2022-02-08 18:25:47'),
(38, 50, 12, '2022-12-31', 1, 1, 399, 399, '2022-02-08 18:27:44', '2022-02-08 18:27:44'),
(39, 51, 12, '2022-12-31', 2, 2, 271, 271, '2022-02-08 18:31:56', '2022-02-08 20:08:35'),
(40, 52, 12, '2022-12-31', 6, 6, 68, 68, '2022-02-08 18:34:18', '2022-02-08 20:08:32'),
(41, 53, 12, '2022-12-31', 2, 2, 492, 492, '2022-02-08 18:36:49', '2022-02-08 18:36:49'),
(42, 54, 12, '2022-12-31', 1, 1, 318, 318, '2022-02-08 18:40:52', '2022-02-11 22:44:40'),
(43, 55, 12, '2022-12-31', 6, 6, 54, 54, '2022-02-08 18:42:48', '2022-02-11 22:44:31'),
(44, 56, 12, '2022-12-31', 1, 1, 1604, 1604, '2022-02-08 18:46:03', '2022-02-08 18:46:03'),
(45, 57, 12, '2022-12-31', 1, 1, 624, 624, '2022-02-08 19:14:07', '2022-02-08 19:14:07'),
(46, 58, 12, '2022-12-31', 1, 1, 175, 175, '2022-02-08 19:15:49', '2022-02-08 19:15:49'),
(47, 59, 12, '2022-12-31', 1, 1, 214, 214, '2022-02-08 19:18:19', '2022-02-08 19:18:19'),
(49, 61, 12, '2022-12-31', 8, 8, 72, 72, '2022-02-08 19:25:48', '2022-02-08 20:16:03'),
(50, 62, 12, '2022-12-31', 1, 1, 271, 271, '2022-02-08 19:31:29', '2022-02-08 20:18:53'),
(51, 63, 12, '2022-12-31', 1, 1, 852, 852, '2022-02-08 19:33:20', '2022-02-08 19:33:20'),
(52, 64, 12, '2022-12-31', 3, 3, 375, 375, '2022-02-08 19:36:14', '2022-02-08 19:36:14'),
(53, 65, 12, '2022-12-31', 2, 2, 485, 485, '2022-02-08 19:37:55', '2022-02-08 19:37:55'),
(54, 66, 12, '2022-12-31', 1, 1, 421, 421, '2022-02-08 19:42:08', '2022-02-08 19:42:08'),
(55, 67, 12, '2022-12-31', 1, 1, 204, 204, '2022-02-08 19:44:59', '2022-02-08 19:44:59'),
(56, 68, 12, '2022-12-31', 2, 2, 225, 225, '2022-02-08 19:47:23', '2022-02-08 19:47:23'),
(57, 69, 12, '2022-12-31', 2, 2, 578, 578, '2022-02-08 19:51:50', '2022-02-08 19:51:50'),
(58, 70, 12, '2022-12-31', 2, 2, 310, 310, '2022-02-08 19:54:16', '2022-02-08 19:54:16'),
(59, 39, 12, '2022-12-31', 2, 2, 232, 232, '2022-02-08 23:02:43', '2022-02-08 23:02:43'),
(60, 60, 12, '2022-12-31', 6, 6, 42, 42, '2022-02-08 23:04:17', '2022-02-08 23:04:17'),
(62, 75, 14, '2021-12-31', 3, 3, 128, 169, '2022-02-09 22:56:06', '2022-02-09 22:56:06'),
(64, 77, 14, '2021-12-31', 2, 2, 82, 108, '2022-02-09 23:07:15', '2022-02-09 23:07:15'),
(65, 78, 14, '2021-12-31', 3, 3, 64, 84, '2022-02-09 23:09:03', '2022-02-09 23:09:03'),
(66, 79, 14, '2021-12-31', 3, 3, 119, 157, '2022-02-09 23:10:33', '2022-02-09 23:10:33'),
(67, 80, 14, '2021-12-31', 3, 3, 112, 148, '2022-02-09 23:11:26', '2022-02-09 23:11:26'),
(68, 81, 14, '2021-12-31', 4, 4, 105, 139, '2022-02-09 23:13:36', '2022-02-09 23:13:36'),
(69, 82, 14, '2021-12-31', 4, 4, 226, 298, '2022-02-09 23:15:07', '2022-02-09 23:15:07'),
(70, 83, 14, '2021-12-31', 4, 4, 61, 81, '2022-02-09 23:15:56', '2022-02-09 23:15:56'),
(71, 84, 14, '2021-12-31', 4, 4, 42, 55, '2022-02-09 23:16:31', '2022-02-09 23:16:31'),
(72, 85, 14, '2021-12-31', 4, 4, 140, 185, '2022-02-09 23:18:02', '2022-02-09 23:18:02'),
(73, 86, 14, '2021-12-31', 6, 6, 121, 160, '2022-02-09 23:20:45', '2022-02-09 23:20:45'),
(74, 87, 14, '2021-12-31', 10, 10, 152, 201, '2022-02-09 23:22:42', '2022-02-09 23:22:42'),
(75, 88, 14, '2021-12-31', 15, 15, 145, 191, '2022-02-09 23:24:28', '2022-02-09 23:24:28'),
(76, 89, 14, '2021-12-31', 10, 10, 66, 87, '2022-02-09 23:25:16', '2022-02-09 23:25:16'),
(79, 92, 14, '2021-12-31', 10, 10, 126, 166, '2022-02-09 23:32:53', '2022-02-09 23:32:53'),
(80, 93, 14, '2021-12-31', 10, 10, 126, 166, '2022-02-09 23:33:37', '2022-02-09 23:33:37'),
(81, 94, 14, '2021-12-31', 15, 15, 112, 148, '2022-02-09 23:34:50', '2022-02-09 23:34:50'),
(82, 95, 14, '2021-12-31', 2, 2, 161, 213, '2022-02-09 23:38:42', '2022-02-09 23:38:42'),
(83, 96, 14, '2021-12-31', 2, 2, 284, 375, '2022-02-09 23:40:38', '2022-02-09 23:40:38'),
(84, 97, 14, '2021-12-31', 3, 3, 118, 156, '2022-02-09 23:44:08', '2022-02-09 23:44:08'),
(85, 98, 14, '2021-12-31', 2, 2, 49, 65, '2022-02-09 23:45:25', '2022-02-09 23:45:25'),
(86, 99, 14, '2021-12-31', 2, 2, 151, 199, '2022-02-09 23:47:23', '2022-02-09 23:47:23'),
(87, 100, 14, '2021-12-31', 1, 1, 125, 165, '2022-02-09 23:49:05', '2022-02-09 23:49:05'),
(88, 101, 14, '2021-12-31', 2, 2, 135, 178, '2022-02-09 23:50:41', '2022-02-09 23:50:41'),
(89, 102, 14, '2021-12-31', 5, 5, 123, 162, '2022-02-09 23:53:00', '2022-02-13 23:14:35'),
(90, 103, 14, '2021-12-31', 5, 5, 312, 412, '2022-02-09 23:56:00', '2022-02-13 23:14:15'),
(91, 104, 14, '2021-12-31', 5, 5, 60, 79, '2022-02-09 23:57:16', '2022-02-13 23:14:39'),
(92, 105, 14, '2021-12-31', 5, 5, 54, 71, '2022-02-10 00:04:25', '2022-02-13 23:14:37'),
(93, 106, 14, '2021-12-31', 5, 5, 154, 203, '2022-02-10 00:06:04', '2022-02-13 23:14:33'),
(94, 107, 14, '2021-12-31', 3, 3, 144, 190, '2022-02-10 00:07:45', '2022-02-10 00:07:45'),
(95, 108, 14, '2021-12-31', 3, 3, 158, 209, '2022-02-10 00:09:23', '2022-02-13 23:14:21'),
(96, 109, 14, '2021-12-31', 2, 2, 27, 36, '2022-02-10 00:11:22', '2022-02-10 00:11:22'),
(97, 110, 14, '2021-12-31', 3, 3, 68, 90, '2022-02-10 00:19:56', '2022-02-13 23:14:08'),
(98, 111, 14, '2021-12-31', 10, 10, 119, 157, '2022-02-10 00:23:18', '2022-02-12 00:13:03'),
(99, 112, 14, '2021-12-31', 10, 10, 198, 261, '2022-02-10 00:24:47', '2022-02-10 00:24:47'),
(100, 113, 14, '2021-12-31', 10, 10, 52, 69, '2022-02-10 00:43:02', '2022-02-12 00:13:06'),
(101, 114, 14, '2021-12-31', 10, 10, 103, 136, '2022-02-10 00:47:09', '2022-02-10 00:47:09'),
(102, 115, 14, '2021-12-31', 10, 10, 112, 148, '2022-02-10 00:49:43', '2022-02-12 00:12:55'),
(103, 116, 14, '2021-12-31', 2, 2, 166, 219, '2022-02-10 00:50:56', '2022-02-10 00:50:56'),
(104, 117, 14, '2021-12-31', 2, 2, 76, 100, '2022-02-10 00:51:56', '2022-02-10 00:51:56'),
(105, 118, 14, '2021-12-31', 1, 1, 50, 66, '2022-02-10 00:52:53', '2022-02-10 00:52:53'),
(106, 119, 14, '2021-12-31', 2, 2, 130, 172, '2022-02-10 00:54:55', '2022-02-10 00:54:55'),
(107, 120, 14, '2021-12-31', 4, 4, 217, 286, '2022-02-10 00:55:54', '2022-02-10 00:55:54'),
(108, 121, 14, '2021-12-31', 2, 2, 63, 83, '2022-02-10 00:57:17', '2022-02-10 00:57:17'),
(109, 122, 14, '2021-12-31', 2, 2, 53, 70, '2022-02-10 00:58:48', '2022-02-10 00:58:48'),
(110, 123, 14, '2021-12-31', 2, 2, 146, 193, '2022-02-10 00:59:57', '2022-02-10 00:59:57'),
(111, 124, 14, '2021-12-31', 2, 2, 121, 160, '2022-02-10 01:01:56', '2022-02-10 01:01:56'),
(113, 126, 14, '2021-12-31', 2, 2, 50, 66, '2022-02-10 01:05:23', '2022-02-10 01:05:23'),
(114, 127, 14, '2021-12-31', 2, 2, 49, 65, '2022-02-10 01:11:33', '2022-02-10 01:11:33'),
(115, 128, 14, '2021-12-31', 2, 2, 35, 46, '2022-02-10 01:15:40', '2022-02-10 01:15:40'),
(116, 129, 14, '2021-12-31', 4, 4, 128, 169, '2022-02-10 01:17:46', '2022-02-10 01:17:46'),
(117, 130, 14, '2021-12-31', 4, 4, 97, 128, '2022-02-10 01:22:55', '2022-02-10 01:22:55'),
(118, 131, 14, '2021-12-31', 2, 2, 313, 413, '2022-02-10 01:24:45', '2022-02-10 01:24:45'),
(119, 132, 14, '2021-12-31', 2, 2, 75, 99, '2022-02-10 01:26:11', '2022-02-10 01:26:11'),
(120, 133, 14, '2021-12-31', 2, 2, 41, 54, '2022-02-10 01:28:00', '2022-02-10 01:28:00'),
(121, 134, 14, '2021-12-31', 10, 10, 44, 58, '2022-02-10 01:29:42', '2022-02-10 01:29:42'),
(122, 135, 14, '2021-12-31', 10, 10, 44, 58, '2022-02-10 01:30:36', '2022-02-10 01:30:36'),
(123, 136, 14, '2021-12-31', 10, 10, 50, 66, '2022-02-10 01:31:46', '2022-02-10 01:31:46'),
(124, 137, 14, '2021-12-31', 10, 10, 50, 66, '2022-02-10 01:33:15', '2022-02-10 01:33:15'),
(125, 138, 14, '2021-12-31', 10, 6, 41, 54, '2022-02-10 01:34:08', '2022-02-14 22:22:34'),
(126, 139, 14, '2021-12-31', 4, 4, 55, 73, '2022-02-10 01:35:29', '2022-02-10 01:35:29'),
(127, 140, 14, '2021-12-31', 4, 4, 55, 73, '2022-02-10 01:36:27', '2022-02-10 01:36:27'),
(128, 141, 14, '2021-12-31', 4, 4, 58, 77, '2022-02-10 01:37:26', '2022-02-10 01:37:26'),
(129, 76, 14, '2021-12-31', 4, 4, 196, 259, '2022-02-11 20:20:45', '2022-02-11 20:20:45'),
(130, 88, 9, '2021-12-07', 1, 1, 218, 231, '2022-02-11 20:30:45', '2022-02-11 20:30:45'),
(131, 14, 14, '2021-12-31', 10, 10, 264, 349, '2022-02-11 21:44:07', '2022-02-13 23:19:20'),
(132, 15, 14, '2021-12-31', 15, 15, 49, 65, '2022-02-11 21:45:44', '2022-02-12 00:13:00'),
(133, 16, 14, '2021-12-31', 15, 15, 123, 162, '2022-02-11 21:47:32', '2022-02-12 00:13:01'),
(134, 143, 9, '2021-12-07', 4, 4, 1, 1, '2022-02-12 00:33:03', '2022-02-12 00:33:03'),
(140, 144, 15, '2021-12-15', 3, 3, 0, 1242, '2022-02-15 15:22:41', '2022-02-15 15:22:41'),
(141, 145, 15, '2021-12-15', 1, 1, 0, 1268, '2022-02-15 15:27:14', '2022-02-15 15:27:14'),
(142, 146, 15, '2021-12-15', 1, 1, 0, 1485, '2022-02-15 15:30:03', '2022-02-15 15:30:03'),
(143, 147, 15, '2021-12-15', 2, 2, 0, 94, '2022-02-15 15:31:30', '2022-02-15 15:31:30'),
(144, 148, 15, '2021-12-15', 1, 1, 0, 852, '2022-02-15 15:33:43', '2022-02-15 15:33:43'),
(145, 149, 15, '2021-12-15', 2, 2, 0, 248, '2022-02-15 15:39:28', '2022-02-15 15:39:28'),
(146, 150, 15, '2021-12-15', 8, 8, 0, 98, '2022-02-15 15:42:39', '2022-02-15 15:42:39'),
(147, 151, 15, '2021-12-15', 3, 3, 0, 390, '2022-02-15 15:47:39', '2022-02-15 15:47:39'),
(148, 152, 15, '2021-12-15', 18, 18, 0, 72, '2022-02-15 15:49:13', '2022-02-15 15:49:13'),
(149, 153, 15, '2021-12-15', 2, 2, 0, 68, '2022-02-15 15:50:26', '2022-02-15 15:50:26'),
(150, 154, 15, '2021-12-15', 1, 1, 0, 175, '2022-02-15 15:52:01', '2022-02-15 15:52:01'),
(151, 155, 15, '2021-12-15', 4, 4, 0, 53, '2022-02-15 16:00:21', '2022-02-15 16:00:21'),
(152, 156, 15, '2021-12-15', 3, 3, 0, 398, '2022-02-15 16:02:21', '2022-02-15 16:02:21'),
(153, 157, 15, '2021-12-15', 18, 18, 0, 102, '2022-02-15 16:04:11', '2022-02-15 16:04:11'),
(155, 159, 15, '2021-12-15', 1, 1, 0, 1043, '2022-02-15 16:07:46', '2022-02-15 16:07:46'),
(156, 160, 15, '2021-12-15', 1, 1, 0, 383, '2022-02-15 16:09:10', '2022-02-15 16:09:10'),
(157, 161, 15, '2021-12-15', 2, 2, 0, 87, '2022-02-15 16:13:47', '2022-02-15 16:13:47'),
(158, 162, 15, '2021-12-15', 1, 1, 0, 930, '2022-02-15 16:15:56', '2022-02-15 16:15:56'),
(160, 164, 15, '2021-12-15', 1, 1, 0, 668, '2022-02-15 16:21:06', '2022-02-15 16:21:06'),
(162, 163, 15, '2021-12-15', 1, 1, 0, 698, '2022-02-15 16:26:50', '2022-02-15 16:26:50'),
(163, 166, 15, '2021-12-15', 1, 1, 0, 237, '2022-02-15 21:43:29', '2022-02-15 21:43:29'),
(164, 167, 15, '2021-12-15', 1, 1, 0, 248, '2022-02-15 21:47:07', '2022-02-15 21:47:07'),
(165, 168, 15, '2021-12-15', 1, 1, 0, 263, '2022-02-15 21:48:20', '2022-02-15 21:48:20'),
(166, 169, 15, '2021-12-15', 282, 282, 0, 375, '2022-02-15 21:50:00', '2022-02-15 21:50:00'),
(167, 170, 15, '2021-12-15', 1, 1, 0, 399, '2022-02-15 22:05:02', '2022-02-15 22:05:02'),
(168, 171, 15, '2021-12-15', 2, 2, 0, 233, '2022-02-15 22:08:06', '2022-02-15 22:08:06'),
(169, 172, 15, '2021-12-15', 1, 1, 0, 368, '2022-02-15 22:10:10', '2022-02-15 22:10:10'),
(170, 173, 15, '2021-12-15', 1, 1, 0, 277, '2022-02-15 22:11:53', '2022-02-15 22:11:53'),
(171, 174, 15, '2021-12-15', 1, 1, 0, 173, '2022-02-15 22:15:14', '2022-02-15 22:15:14'),
(172, 175, 15, '2021-12-15', 2, 2, 0, 120, '2022-02-15 22:27:37', '2022-02-15 22:27:37'),
(173, 176, 15, '2021-12-15', 4, 4, 0, 158, '2022-02-15 22:29:12', '2022-02-15 22:29:12'),
(174, 177, 15, '2021-12-15', 4, 4, 0, 259, '2022-02-15 22:31:14', '2022-02-15 22:31:14'),
(175, 178, 15, '2021-12-15', 2, 2, 0, 158, '2022-02-16 00:46:33', '2022-02-16 00:46:33'),
(176, 179, 15, '2021-12-15', 3, 3, 0, 143, '2022-02-16 00:48:58', '2022-02-16 00:48:58'),
(177, 180, 15, '2021-12-15', 1, 1, 0, 259, '2022-02-16 00:50:15', '2022-02-16 00:50:15'),
(178, 181, 15, '2021-12-15', 1, 1, 0, 184, '2022-02-16 00:51:11', '2022-02-16 00:51:11'),
(179, 182, 15, '2021-12-15', 2, 2, 0, 150, '2022-02-16 00:52:44', '2022-02-16 00:52:44'),
(180, 183, 15, '2021-12-15', 1, 1, 0, 184, '2022-02-16 00:54:29', '2022-02-16 00:54:29'),
(181, 184, 15, '2021-12-15', 1, 1, 0, 180, '2022-02-16 00:55:27', '2022-02-16 00:55:27'),
(182, 185, 15, '2021-12-15', 5, 5, 0, 53, '2022-02-16 00:56:47', '2022-02-16 00:56:47'),
(183, 186, 15, '2021-12-15', 4, 4, 0, 53, '2022-02-16 00:57:29', '2022-02-16 00:57:29'),
(184, 187, 15, '2021-12-15', 5, 5, 0, 285, '2022-02-16 00:58:50', '2022-02-16 00:58:50'),
(185, 188, 15, '2021-12-15', 1, 1, 0, 368, '2022-02-16 01:01:44', '2022-02-16 01:01:44'),
(186, 189, 15, '2021-12-15', 1, 1, 0, 488, '2022-02-16 01:03:33', '2022-02-16 01:03:33'),
(187, 190, 15, '2021-12-15', 1, 1, 0, 1598, '2022-02-16 01:04:58', '2022-02-16 01:04:58'),
(188, 191, 15, '2021-12-15', 1, 1, 0, 1410, '2022-02-16 01:06:23', '2022-02-16 01:06:23'),
(189, 192, 15, '2021-12-15', 1, 1, 0, 1268, '2022-02-16 01:07:34', '2022-02-16 01:07:34'),
(190, 193, 15, '2021-12-15', 1, 1, 0, 282, '2022-02-16 01:08:54', '2022-02-16 01:08:54'),
(192, 194, 15, '2021-12-15', 1, 1, 0, 211, '2022-02-16 01:14:51', '2022-02-16 01:14:51'),
(193, 195, 15, '2021-12-15', 1, 1, 0, 211, '2022-02-16 01:17:08', '2022-02-16 01:17:08'),
(194, 196, 15, '2021-12-15', 1, 1, 0, 282, '2022-02-16 01:17:49', '2022-02-16 01:17:49'),
(195, 197, 15, '2021-12-15', 1, 1, 0, 282, '2022-02-16 01:18:53', '2022-02-16 01:18:53'),
(196, 198, 15, '2021-12-15', 2, 2, 0, 107, '2022-02-16 01:28:02', '2022-02-16 01:28:02'),
(197, 199, 15, '2021-12-15', 2, 2, 0, 188, '2022-02-16 01:30:02', '2022-02-16 01:30:02'),
(198, 200, 15, '2021-12-15', 1, 1, 0, 1590, '2022-02-16 01:31:30', '2022-02-16 01:31:30'),
(199, 201, 15, '2021-12-15', 1, 1, 0, 1497, '2022-02-16 01:33:02', '2022-02-16 01:33:02'),
(200, 202, 15, '2021-12-15', 2, 2, 0, 1163, '2022-02-16 01:34:33', '2022-02-16 01:34:33'),
(201, 203, 15, '2021-12-15', 1, 1, 0, 1238, '2022-02-16 01:36:25', '2022-02-16 01:36:25'),
(202, 204, 15, '2021-12-15', 1, 1, 0, 849, '2022-02-16 01:37:41', '2022-02-16 01:37:41'),
(203, 205, 15, '2021-12-15', 1, 1, 0, 263, '2022-02-16 01:40:02', '2022-02-16 01:40:02'),
(204, 206, 15, '2021-12-15', 1, 1, 0, 908, '2022-02-16 01:44:15', '2022-02-16 01:44:15'),
(205, 207, 15, '2021-12-15', 1, 1, 0, 1073, '2022-02-16 01:46:29', '2022-02-16 01:46:29'),
(206, 208, 15, '2021-12-15', 1, 1, 0, 1073, '2022-02-16 01:47:22', '2022-02-16 01:47:22'),
(207, 209, 15, '2021-12-15', 1, 1, 0, 1073, '2022-02-16 01:49:19', '2022-02-16 01:49:19'),
(208, 210, 15, '2021-12-15', 1, 1, 0, 1073, '2022-02-16 01:50:10', '2022-02-16 01:50:10'),
(209, 211, 15, '2021-12-15', 1, 1, 0, 863, '2022-02-16 01:52:00', '2022-02-16 01:52:00'),
(210, 212, 15, '2021-12-15', 1, 1, 0, 1785, '2022-02-16 01:54:40', '2022-02-16 01:54:40'),
(211, 213, 15, '2021-12-15', 1, 1, 0, 1707, '2022-02-16 01:59:21', '2022-02-16 01:59:21'),
(212, 214, 15, '2021-12-15', 1, 1, 0, 1643, '2022-02-16 02:00:44', '2022-02-16 02:00:44'),
(213, 215, 15, '2021-12-15', 2, 2, 0, 844, '2022-02-16 02:03:09', '2022-02-16 02:03:09'),
(214, 216, 15, '2021-12-15', 1, 1, 0, 668, '2022-02-16 02:04:08', '2022-02-16 02:04:08'),
(215, 217, 15, '2021-12-15', 1, 1, 0, 619, '2022-02-16 02:05:18', '2022-02-16 02:05:18'),
(216, 218, 15, '2021-12-15', 2, 2, 0, 360, '2022-02-16 02:07:04', '2022-02-16 02:07:04'),
(217, 219, 15, '2021-12-15', 1, 1, 0, 492, '2022-02-16 02:08:16', '2022-02-16 02:08:16'),
(218, 220, 15, '2021-12-15', 1, 1, 0, 492, '2022-02-16 02:09:56', '2022-02-16 02:09:56'),
(219, 221, 15, '2021-12-15', 2, 2, 0, 492, '2022-02-16 02:10:40', '2022-02-16 02:10:40'),
(220, 222, 15, '2021-12-15', 1, 1, 0, 492, '2022-02-16 02:11:19', '2022-02-16 02:11:19'),
(221, 223, 15, '2021-12-15', 2, 2, 0, 492, '2022-02-16 02:12:06', '2022-02-16 02:12:06'),
(222, 224, 15, '2021-12-15', 2, 2, 0, 360, '2022-02-17 18:22:06', '2022-02-17 18:22:06'),
(223, 225, 15, '2021-12-15', 2, 2, 0, 360, '2022-02-17 18:23:02', '2022-02-17 18:23:02'),
(224, 226, 15, '2021-12-15', 1, 1, 0, 360, '2022-02-17 18:23:45', '2022-02-17 18:23:45'),
(225, 227, 15, '2021-12-15', 1, 1, 0, 533, '2022-02-17 18:25:07', '2022-02-17 18:25:07'),
(226, 228, 15, '2021-12-15', 2, 2, 0, 668, '2022-02-17 18:28:37', '2022-02-17 18:28:37'),
(227, 229, 15, '2021-12-15', 2, 2, 0, 657, '2022-02-17 18:39:49', '2022-02-17 18:39:49'),
(228, 230, 15, '2021-12-15', 2, 2, 0, 147, '2022-02-17 18:43:20', '2022-02-17 18:43:20'),
(229, 231, 15, '2021-12-15', 3, 3, 0, 124, '2022-02-17 18:44:12', '2022-02-17 18:44:12'),
(230, 232, 15, '2021-12-15', 1, 1, 0, 263, '2022-02-17 18:45:16', '2022-02-17 18:45:16'),
(231, 233, 15, '2021-12-15', 2, 2, 0, 233, '2022-02-17 18:46:07', '2022-02-17 18:46:07'),
(232, 234, 15, '2021-12-15', 1, 1, 0, 147, '2022-02-17 18:47:00', '2022-02-17 18:47:00'),
(233, 235, 15, '2021-12-15', 2, 2, 0, 117, '2022-02-17 18:48:13', '2022-02-17 18:48:13'),
(234, 236, 15, '2021-12-15', 1, 1, 0, 252, '2022-02-17 18:50:06', '2022-02-17 18:50:06'),
(235, 237, 15, '2021-12-15', 2, 2, 0, 158, '2022-02-17 18:51:27', '2022-02-17 18:51:27'),
(236, 238, 15, '2021-12-15', 1, 1, 0, 255, '2022-02-17 18:53:09', '2022-02-17 18:53:09'),
(237, 239, 15, '2021-12-15', 2, 2, 0, 199, '2022-02-17 18:55:42', '2022-02-17 18:55:42'),
(238, 240, 15, '2021-12-15', 1, 1, 0, 169, '2022-02-17 18:56:44', '2022-02-17 18:56:44'),
(239, 241, 15, '2021-12-15', 2, 2, 0, 188, '2022-02-17 18:58:20', '2022-02-17 18:58:20'),
(240, 242, 15, '2021-12-15', 1, 1, 0, 173, '2022-02-17 18:59:36', '2022-02-17 18:59:36'),
(241, 243, 15, '2021-12-15', 1, 1, 0, 210, '2022-02-17 19:03:29', '2022-02-17 19:03:29'),
(242, 244, 15, '2021-12-15', 1, 1, 0, 117, '2022-02-17 20:35:29', '2022-02-17 20:35:29'),
(243, 245, 15, '2021-12-15', 2, 2, 0, 169, '2022-02-17 20:40:05', '2022-02-17 20:40:05'),
(244, 246, 15, '2021-12-15', 1, 1, 0, 125, '2022-02-17 20:42:12', '2022-02-17 20:42:12'),
(245, 247, 15, '2021-12-15', 2, 2, 0, 132, '2022-02-17 20:43:30', '2022-02-17 20:43:30'),
(246, 248, 15, '2021-12-15', 1, 1, 0, 237, '2022-02-17 20:44:44', '2022-02-17 20:44:44'),
(247, 249, 15, '2021-12-15', 1, 1, 0, 113, '2022-02-17 20:46:08', '2022-02-17 20:46:08'),
(248, 250, 15, '2021-12-15', 1, 1, 0, 98, '2022-02-17 20:48:03', '2022-02-17 20:48:03'),
(249, 251, 15, '2021-12-15', 2, 2, 0, 57, '2022-02-17 20:48:45', '2022-02-17 20:48:45'),
(250, 252, 15, '2021-12-15', 1, 1, 0, 124, '2022-02-17 20:49:54', '2022-02-17 20:49:54'),
(251, 253, 15, '2021-12-15', 8, 8, 0, 52, '2022-02-17 20:51:30', '2022-02-17 20:51:30'),
(252, 254, 15, '2021-12-15', 6, 6, 0, 102, '2022-02-17 20:55:39', '2022-02-17 20:55:39'),
(253, 255, 15, '2021-12-15', 5, 5, 0, 102, '2022-02-17 20:57:00', '2022-02-17 20:57:00'),
(254, 256, 15, '2021-12-15', 1, 1, 0, 147, '2022-02-17 20:57:56', '2022-02-17 20:57:56'),
(255, 257, 15, '2021-12-15', 2, 2, 0, 132, '2022-02-17 20:58:38', '2022-02-17 20:58:38'),
(256, 258, 15, '2021-12-15', 3, 3, 0, 75, '2022-02-17 20:59:20', '2022-02-17 20:59:20'),
(257, 259, 15, '2021-12-15', 3, 3, 0, 30, '2022-02-17 21:00:07', '2022-02-17 21:00:07'),
(258, 260, 15, '2021-12-15', 3, 3, 0, 165, '2022-02-17 21:01:47', '2022-02-17 21:01:47'),
(259, 261, 15, '2021-12-15', 2, 2, 0, 94, '2022-02-17 21:02:34', '2022-02-17 21:02:34'),
(260, 262, 15, '2021-12-15', 1, 1, 0, 221, '2022-02-17 21:04:11', '2022-02-17 21:04:11'),
(261, 263, 15, '2021-12-15', 2, 2, 0, 94, '2022-02-17 21:05:09', '2022-02-17 21:05:09'),
(262, 264, 15, '2021-12-15', 1, 1, 0, 132, '2022-02-17 21:06:24', '2022-02-17 21:06:24'),
(263, 265, 15, '2021-12-15', 2, 2, 0, 98, '2022-02-17 21:08:54', '2022-02-17 21:08:54'),
(264, 266, 15, '2021-12-15', 3, 3, 0, 98, '2022-02-17 21:10:35', '2022-02-17 21:10:35'),
(265, 267, 15, '2021-12-15', 1, 1, 0, 72, '2022-02-17 21:11:31', '2022-02-17 21:11:31'),
(266, 268, 15, '2021-12-15', 2, 2, 0, 98, '2022-02-17 21:13:21', '2022-02-17 21:13:21'),
(267, 269, 15, '2021-12-15', 4, 4, 0, 94, '2022-02-17 21:14:45', '2022-02-17 21:14:45'),
(268, 270, 15, '2021-12-15', 3, 3, 0, 124, '2022-02-17 21:35:22', '2022-02-17 21:35:22'),
(269, 271, 15, '2021-12-15', 1, 1, 0, 158, '2022-02-17 21:36:30', '2022-02-17 21:36:30'),
(270, 272, 15, '2021-12-15', 2, 2, 0, 117, '2022-02-17 21:37:33', '2022-02-17 21:37:33'),
(271, 273, 15, '2021-12-15', 4, 4, 0, 87, '2022-02-17 21:38:54', '2022-02-17 21:38:54'),
(272, 274, 15, '2021-12-15', 2, 2, 0, 124, '2022-02-17 21:39:44', '2022-02-17 21:39:44'),
(273, 275, 15, '2021-12-15', 1, 1, 0, 169, '2022-02-17 21:42:13', '2022-02-17 21:42:13'),
(274, 276, 15, '2021-12-15', 1, 1, 0, 147, '2022-02-17 21:43:13', '2022-02-17 21:43:13'),
(275, 277, 15, '2021-12-15', 1, 1, 0, 83, '2022-02-17 21:45:32', '2022-02-17 21:45:32'),
(276, 278, 15, '2021-12-15', 5, 5, 0, 34, '2022-02-17 21:46:21', '2022-02-17 21:46:21'),
(277, 279, 15, '2021-12-15', 3, 3, 0, 60, '2022-02-17 21:47:22', '2022-02-17 21:47:22'),
(278, 280, 15, '2021-12-15', 4, 4, 0, 60, '2022-02-17 21:48:00', '2022-02-17 21:48:00'),
(279, 281, 15, '2021-12-15', 4, 4, 0, 68, '2022-02-17 21:48:41', '2022-02-17 21:48:41'),
(280, 282, 15, '2021-12-15', 15, 15, 0, 90, '2022-02-17 21:49:48', '2022-02-17 21:49:48'),
(281, 283, 15, '2021-12-15', 10, 10, 0, 98, '2022-02-17 21:51:14', '2022-02-17 21:51:14'),
(282, 284, 15, '2021-12-15', 16, 16, 0, 105, '2022-02-17 21:52:05', '2022-02-17 21:52:05'),
(283, 285, 15, '2021-12-15', 1, 1, 0, 319, '2022-02-17 21:53:03', '2022-02-17 21:53:03'),
(284, 286, 15, '2021-12-15', 4, 4, 0, 169, '2022-02-17 21:54:59', '2022-02-17 21:54:59'),
(285, 287, 15, '2021-12-15', 1, 1, 0, 188, '2022-02-17 21:55:51', '2022-02-17 21:55:51'),
(286, 288, 15, '2021-12-15', 11, 11, 0, 147, '2022-02-17 21:56:44', '2022-02-17 21:56:44'),
(287, 289, 15, '2021-12-15', 4, 4, 0, 267, '2022-02-17 21:57:53', '2022-02-17 21:57:53'),
(288, 290, 15, '2021-12-15', 4, 4, 0, 60, '2022-02-17 21:59:15', '2022-02-17 21:59:15'),
(289, 291, 15, '2021-12-15', 4, 4, 0, 34, '2022-02-17 22:00:20', '2022-02-17 22:00:20'),
(290, 292, 15, '2021-12-15', 2, 2, 0, 98, '2022-02-17 22:01:44', '2022-02-17 22:01:44'),
(291, 293, 15, '2021-12-15', 2, 2, 0, 83, '2022-02-17 22:02:42', '2022-02-17 22:02:42'),
(292, 294, 15, '2021-12-15', 1, 1, 0, 338, '2022-02-17 22:05:34', '2022-02-17 22:05:34'),
(293, 295, 15, '2021-12-15', 8, 8, 0, 83, '2022-02-17 22:07:01', '2022-02-17 22:07:01'),
(294, 296, 15, '2021-12-15', 2, 2, 0, 120, '2022-02-17 22:10:35', '2022-02-17 22:10:35'),
(295, 297, 15, '2021-12-15', 4, 4, 0, 352, '2022-02-17 22:15:32', '2022-02-17 22:15:32'),
(296, 298, 15, '2021-12-15', 1, 1, 0, 64, '2022-02-17 22:17:02', '2022-02-17 22:17:02'),
(297, 299, 15, '2021-12-15', 1, 1, 0, 188, '2022-02-17 22:18:34', '2022-02-17 22:18:34'),
(298, 300, 15, '2021-12-15', 3, 3, 0, 60, '2022-02-17 22:20:09', '2022-02-17 22:20:09'),
(299, 301, 15, '2021-12-15', 2, 2, 0, 60, '2022-02-17 22:24:32', '2022-02-17 22:24:32'),
(300, 302, 15, '2021-12-15', 1, 1, 0, 81, '2022-02-17 22:26:11', '2022-02-17 22:26:11'),
(301, 303, 15, '2021-12-15', 2, 2, 0, 188, '2022-02-17 22:27:33', '2022-02-17 22:27:33'),
(302, 304, 15, '2021-12-15', 2, 2, 0, 38, '2022-02-17 22:28:28', '2022-02-17 22:28:28'),
(303, 305, 15, '2021-12-15', 1, 1, 0, 1, '2022-02-17 22:29:19', '2022-02-17 22:29:19');

-- --------------------------------------------------------

--
-- Table structure for table `suppliers`
--

CREATE TABLE `suppliers` (
  `id` bigint(20) UNSIGNED NOT NULL,
  `name` varchar(255) COLLATE utf8mb4_unicode_ci NOT NULL,
  `email` varchar(255) CHARACTER SET utf8 DEFAULT NULL,
  `phone` varchar(255) COLLATE utf8mb4_unicode_ci DEFAULT NULL,
  `address` varchar(255) COLLATE utf8mb4_unicode_ci DEFAULT NULL,
  `created_at` timestamp NOT NULL DEFAULT current_timestamp() ON UPDATE current_timestamp(),
  `updated_at` timestamp NULL DEFAULT NULL
) ENGINE=InnoDB DEFAULT CHARSET=utf8mb4 COLLATE=utf8mb4_unicode_ci;

--
-- Dumping data for table `suppliers`
--

INSERT INTO `suppliers` (`id`, `name`, `email`, `phone`, `address`, `created_at`, `updated_at`) VALUES
(6, 'ديوان سليمانية', 'hhawrami@diwanland.com', '07701565683', 'سليمانية', '2022-02-05 22:54:41', '2022-02-05 22:54:41'),
(7, 'شركة چلك ديوان تركيا', 'ilker.unlutekin@cilek.com', '⁦+90 541 265 67 21⁩', 'تركيا', '2022-02-08 05:44:02', '2022-02-08 05:44:02'),
(8, 'شركة الفيمو التركيا ديوان', 'tugceekinci@alfemo.com.tr', '⁦+90 506 460 53 56⁩', 'تركيا', '2022-02-08 05:47:51', '2022-02-08 05:47:51'),
(9, 'شركة كليم التركية ديوان', 'kilim@kilim.com', '⁦+90 507 159 89 24⁩', 'تركيا', '2022-02-08 05:51:51', '2022-02-08 05:51:51'),
(10, 'اول وجبة', 'hussam@gmail.com', '07709044696', 'البصرة', '2022-02-08 17:09:50', '2022-02-08 17:09:50'),
(11, 'شركة الميلا التركية ديوان', 'almila@almila.com', '⁦+90 538 604 66 77⁩', 'تركيا', '2022-02-08 23:35:20', '2022-02-08 23:35:20');

-- --------------------------------------------------------

--
-- Table structure for table `users`
--

CREATE TABLE `users` (
  `id` bigint(20) UNSIGNED NOT NULL,
  `name` varchar(255) CHARACTER SET utf8 NOT NULL,
  `email` varchar(255) CHARACTER SET utf8 NOT NULL,
  `email_verified_at` timestamp NULL DEFAULT NULL,
  `password` varchar(255) COLLATE utf8mb4_unicode_ci NOT NULL,
  `roles_name` text COLLATE utf8mb4_unicode_ci NOT NULL,
  `Status` varchar(10) COLLATE utf8mb4_unicode_ci NOT NULL,
  `remember_token` varchar(100) COLLATE utf8mb4_unicode_ci DEFAULT NULL,
  `created_at` timestamp NULL DEFAULT NULL,
  `updated_at` timestamp NULL DEFAULT NULL
) ENGINE=InnoDB DEFAULT CHARSET=utf8mb4 COLLATE=utf8mb4_unicode_ci;

--
-- Dumping data for table `users`
--

INSERT INTO `users` (`id`, `name`, `email`, `email_verified_at`, `password`, `roles_name`, `Status`, `remember_token`, `created_at`, `updated_at`) VALUES
(1, 'هشام أحمد', 'hm.hisham@gmail.com', NULL, '$2y$10$YuNiZK0OQ0EijjRGiIE6ZuR6GeEXJcS2T/pivV6Lk5cHnHN32T1k2', '[\"owner\"]', 'مفعل', NULL, '2022-01-02 13:31:18', '2022-01-02 13:31:18'),
(2, 'حسن محسن', 'hassan@gmail.com', NULL, '$2y$10$Vh4XA34ljD4bStGdP4IoVu5rrnk0yjfI0eNVaKBmmE.V2gJkfu5y.', '[\"\\u0645\\u062f\\u064a\\u0631\"]', 'مفعل', NULL, '2022-01-02 13:31:18', '2022-02-05 22:25:32'),
(5, 'حسام', 'hussam@gmail.com', NULL, '$2y$10$BsHtUkhickU5IUiV2GDU4uvph6PcAkYvOAgONc4lX7cUrh1FFuVeG', '\"2\"', 'مفعل', '0wYdiQzPUDtyBJJWTo1T6XYPqiweL93W4ijdaXKcw6ts0RfslH8K7r38jklS', '2022-02-05 22:24:44', '2022-02-05 22:24:44'),
(7, 'احمد مانع', 'ahmedmanne@gmail.com', NULL, '$2y$10$0DxsOHnEdFragciaR5pREOerSEeWcPmB1CTvzPD5PYzO.m9uwjgRe', '\"7\"', 'مفعل', NULL, '2022-02-05 23:57:02', '2022-02-05 23:57:02'),
(8, 'منعم العبيدي', 'monaimouda@gmail.com', NULL, '$2y$10$gSvxn8ddtZqfl/PL3dcfceiiLTEdADFA6IZq1z3QlR.QjPvIm3JFe', '\"6\"', 'مفعل', NULL, '2022-02-09 01:20:40', '2022-02-09 01:20:40');

--
-- Indexes for dumped tables
--

--
-- Indexes for table `cart`
--
ALTER TABLE `cart`
  ADD PRIMARY KEY (`id`),
  ADD KEY `cart_items_id_foreign` (`items_id`),
  ADD KEY `cart_create_by_foreign` (`create_by`);

--
-- Indexes for table `containers`
--
ALTER TABLE `containers`
  ADD PRIMARY KEY (`id`),
  ADD KEY `containers_cont_supplier_foreign` (`cont_supplier`),
  ADD KEY `containers_create_by_foreign` (`create_by`);

--
-- Indexes for table `customers`
--
ALTER TABLE `customers`
  ADD PRIMARY KEY (`id`);

--
-- Indexes for table `customers_payments`
--
ALTER TABLE `customers_payments`
  ADD PRIMARY KEY (`id`),
  ADD KEY `customers_payments_customers_id_foreign` (`customers_id`),
  ADD KEY `customers_payments_create_by_foreign` (`create_by`);

--
-- Indexes for table `failed_jobs`
--
ALTER TABLE `failed_jobs`
  ADD PRIMARY KEY (`id`);

--
-- Indexes for table `items`
--
ALTER TABLE `items`
  ADD PRIMARY KEY (`id`),
  ADD KEY `items_create_by_foreign` (`create_by`);

--
-- Indexes for table `migrations`
--
ALTER TABLE `migrations`
  ADD PRIMARY KEY (`id`);

--
-- Indexes for table `model_has_permissions`
--
ALTER TABLE `model_has_permissions`
  ADD PRIMARY KEY (`permission_id`,`model_id`,`model_type`),
  ADD KEY `model_has_permissions_model_id_model_type_index` (`model_id`,`model_type`);

--
-- Indexes for table `model_has_roles`
--
ALTER TABLE `model_has_roles`
  ADD PRIMARY KEY (`role_id`,`model_id`,`model_type`),
  ADD KEY `model_has_roles_model_id_model_type_index` (`model_id`,`model_type`);

--
-- Indexes for table `notifications`
--
ALTER TABLE `notifications`
  ADD PRIMARY KEY (`id`),
  ADD KEY `notifications_notifiable_type_notifiable_id_index` (`notifiable_type`,`notifiable_id`);

--
-- Indexes for table `password_resets`
--
ALTER TABLE `password_resets`
  ADD KEY `password_resets_email_index` (`email`);

--
-- Indexes for table `payments`
--
ALTER TABLE `payments`
  ADD PRIMARY KEY (`id`);

--
-- Indexes for table `permissions`
--
ALTER TABLE `permissions`
  ADD PRIMARY KEY (`id`);

--
-- Indexes for table `qutlays`
--
ALTER TABLE `qutlays`
  ADD PRIMARY KEY (`id`);

--
-- Indexes for table `return_items`
--
ALTER TABLE `return_items`
  ADD PRIMARY KEY (`id`),
  ADD KEY `return_items_sale_invoices_id_foreign` (`sale_invoices_id`),
  ADD KEY `return_items_items_id_foreign` (`items_id`),
  ADD KEY `return_items_create_by_foreign` (`create_by`);

--
-- Indexes for table `roles`
--
ALTER TABLE `roles`
  ADD PRIMARY KEY (`id`);

--
-- Indexes for table `role_has_permissions`
--
ALTER TABLE `role_has_permissions`
  ADD PRIMARY KEY (`permission_id`,`role_id`),
  ADD KEY `role_has_permissions_role_id_foreign` (`role_id`);

--
-- Indexes for table `sale_invoices`
--
ALTER TABLE `sale_invoices`
  ADD PRIMARY KEY (`id`);

--
-- Indexes for table `sale_invoices_details`
--
ALTER TABLE `sale_invoices_details`
  ADD PRIMARY KEY (`id`),
  ADD KEY `sale_invoices_details_sale_invoices_id_foreign` (`sale_invoices_id`),
  ADD KEY `sale_invoices_details_items_id_foreign` (`items_id`);

--
-- Indexes for table `store`
--
ALTER TABLE `store`
  ADD PRIMARY KEY (`id`),
  ADD KEY `store_items_id_foreign` (`items_id`),
  ADD KEY `store_containers_id_foreign` (`containers_id`);

--
-- Indexes for table `suppliers`
--
ALTER TABLE `suppliers`
  ADD PRIMARY KEY (`id`);

--
-- Indexes for table `users`
--
ALTER TABLE `users`
  ADD PRIMARY KEY (`id`),
  ADD UNIQUE KEY `users_email_unique` (`email`);

--
-- AUTO_INCREMENT for dumped tables
--

--
-- AUTO_INCREMENT for table `cart`
--
ALTER TABLE `cart`
  MODIFY `id` bigint(20) UNSIGNED NOT NULL AUTO_INCREMENT, AUTO_INCREMENT=84;

--
-- AUTO_INCREMENT for table `containers`
--
ALTER TABLE `containers`
  MODIFY `id` bigint(20) UNSIGNED NOT NULL AUTO_INCREMENT, AUTO_INCREMENT=16;

--
-- AUTO_INCREMENT for table `customers`
--
ALTER TABLE `customers`
  MODIFY `id` bigint(20) UNSIGNED NOT NULL AUTO_INCREMENT, AUTO_INCREMENT=4;

--
-- AUTO_INCREMENT for table `customers_payments`
--
ALTER TABLE `customers_payments`
  MODIFY `id` bigint(20) UNSIGNED NOT NULL AUTO_INCREMENT, AUTO_INCREMENT=3;

--
-- AUTO_INCREMENT for table `failed_jobs`
--
ALTER TABLE `failed_jobs`
  MODIFY `id` bigint(20) UNSIGNED NOT NULL AUTO_INCREMENT;

--
-- AUTO_INCREMENT for table `items`
--
ALTER TABLE `items`
  MODIFY `id` bigint(20) UNSIGNED NOT NULL AUTO_INCREMENT, AUTO_INCREMENT=306;

--
-- AUTO_INCREMENT for table `migrations`
--
ALTER TABLE `migrations`
  MODIFY `id` int(10) UNSIGNED NOT NULL AUTO_INCREMENT, AUTO_INCREMENT=24;

--
-- AUTO_INCREMENT for table `payments`
--
ALTER TABLE `payments`
  MODIFY `id` bigint(20) UNSIGNED NOT NULL AUTO_INCREMENT, AUTO_INCREMENT=11;

--
-- AUTO_INCREMENT for table `permissions`
--
ALTER TABLE `permissions`
  MODIFY `id` bigint(20) UNSIGNED NOT NULL AUTO_INCREMENT, AUTO_INCREMENT=63;

--
-- AUTO_INCREMENT for table `qutlays`
--
ALTER TABLE `qutlays`
  MODIFY `id` bigint(20) UNSIGNED NOT NULL AUTO_INCREMENT, AUTO_INCREMENT=53;

--
-- AUTO_INCREMENT for table `return_items`
--
ALTER TABLE `return_items`
  MODIFY `id` bigint(20) UNSIGNED NOT NULL AUTO_INCREMENT, AUTO_INCREMENT=10;

--
-- AUTO_INCREMENT for table `roles`
--
ALTER TABLE `roles`
  MODIFY `id` bigint(20) UNSIGNED NOT NULL AUTO_INCREMENT, AUTO_INCREMENT=8;

--
-- AUTO_INCREMENT for table `sale_invoices`
--
ALTER TABLE `sale_invoices`
  MODIFY `id` bigint(20) UNSIGNED NOT NULL AUTO_INCREMENT, AUTO_INCREMENT=16;

--
-- AUTO_INCREMENT for table `sale_invoices_details`
--
ALTER TABLE `sale_invoices_details`
  MODIFY `id` bigint(20) UNSIGNED NOT NULL AUTO_INCREMENT, AUTO_INCREMENT=5;

--
-- AUTO_INCREMENT for table `store`
--
ALTER TABLE `store`
  MODIFY `id` bigint(20) UNSIGNED NOT NULL AUTO_INCREMENT, AUTO_INCREMENT=304;

--
-- AUTO_INCREMENT for table `suppliers`
--
ALTER TABLE `suppliers`
  MODIFY `id` bigint(20) UNSIGNED NOT NULL AUTO_INCREMENT, AUTO_INCREMENT=12;

--
-- AUTO_INCREMENT for table `users`
--
ALTER TABLE `users`
  MODIFY `id` bigint(20) UNSIGNED NOT NULL AUTO_INCREMENT, AUTO_INCREMENT=9;

--
-- Constraints for dumped tables
--

--
-- Constraints for table `cart`
--
ALTER TABLE `cart`
  ADD CONSTRAINT `cart_create_by_foreign` FOREIGN KEY (`create_by`) REFERENCES `users` (`id`),
  ADD CONSTRAINT `cart_items_id_foreign` FOREIGN KEY (`items_id`) REFERENCES `items` (`id`);

--
-- Constraints for table `containers`
--
ALTER TABLE `containers`
  ADD CONSTRAINT `containers_cont_supplier_foreign` FOREIGN KEY (`cont_supplier`) REFERENCES `suppliers` (`id`) ON DELETE CASCADE,
  ADD CONSTRAINT `containers_create_by_foreign` FOREIGN KEY (`create_by`) REFERENCES `users` (`id`) ON DELETE CASCADE;

--
-- Constraints for table `customers_payments`
--
ALTER TABLE `customers_payments`
  ADD CONSTRAINT `customers_payments_create_by_foreign` FOREIGN KEY (`create_by`) REFERENCES `users` (`id`) ON DELETE CASCADE,
  ADD CONSTRAINT `customers_payments_customers_id_foreign` FOREIGN KEY (`customers_id`) REFERENCES `customers` (`id`) ON DELETE CASCADE;

--
-- Constraints for table `items`
--
ALTER TABLE `items`
  ADD CONSTRAINT `items_create_by_foreign` FOREIGN KEY (`create_by`) REFERENCES `users` (`id`) ON DELETE CASCADE;

--
-- Constraints for table `model_has_permissions`
--
ALTER TABLE `model_has_permissions`
  ADD CONSTRAINT `model_has_permissions_permission_id_foreign` FOREIGN KEY (`permission_id`) REFERENCES `permissions` (`id`) ON DELETE CASCADE;

--
-- Constraints for table `model_has_roles`
--
ALTER TABLE `model_has_roles`
  ADD CONSTRAINT `model_has_roles_role_id_foreign` FOREIGN KEY (`role_id`) REFERENCES `roles` (`id`) ON DELETE CASCADE;

--
-- Constraints for table `return_items`
--
ALTER TABLE `return_items`
  ADD CONSTRAINT `return_items_create_by_foreign` FOREIGN KEY (`create_by`) REFERENCES `users` (`id`) ON DELETE CASCADE,
  ADD CONSTRAINT `return_items_items_id_foreign` FOREIGN KEY (`items_id`) REFERENCES `items` (`id`),
  ADD CONSTRAINT `return_items_sale_invoices_id_foreign` FOREIGN KEY (`sale_invoices_id`) REFERENCES `sale_invoices` (`id`) ON DELETE CASCADE;

--
-- Constraints for table `role_has_permissions`
--
ALTER TABLE `role_has_permissions`
  ADD CONSTRAINT `role_has_permissions_permission_id_foreign` FOREIGN KEY (`permission_id`) REFERENCES `permissions` (`id`) ON DELETE CASCADE,
  ADD CONSTRAINT `role_has_permissions_role_id_foreign` FOREIGN KEY (`role_id`) REFERENCES `roles` (`id`) ON DELETE CASCADE;

--
-- Constraints for table `store`
--
ALTER TABLE `store`
  ADD CONSTRAINT `store_containers_id_foreign` FOREIGN KEY (`containers_id`) REFERENCES `containers` (`id`) ON DELETE CASCADE,
  ADD CONSTRAINT `store_items_id_foreign` FOREIGN KEY (`items_id`) REFERENCES `items` (`id`) ON DELETE CASCADE;
COMMIT;

/*!40101 SET CHARACTER_SET_CLIENT=@OLD_CHARACTER_SET_CLIENT */;
/*!40101 SET CHARACTER_SET_RESULTS=@OLD_CHARACTER_SET_RESULTS */;
/*!40101 SET COLLATION_CONNECTION=@OLD_COLLATION_CONNECTION */;
